order_id,customer_id,menu_year,menu_week,order_date,delivery_date,status
500001,1001,2025,49,2025-11-22,2025-12-01,completed
500002,1002,2025,49,2025-11-23,2025-12-01,completed
500003,1003,2025,49,2025-11-24,2025-12-01,completed
500004,1004,2025,49,2025-11-24,2025-12-01,completed
500005,1008,2025,49,2025-11-24,2025-12-01,completed
500006,1009,2025,49,2025-11-24,2025-12-01,completed
500007,1010,2025,49,2025-11-22,2025-12-01,completed
500008,1011,2025,49,2025-11-25,2025-12-01,completed
500009,1013,2025,49,2025-11-24,2025-12-01,completed
500010,1014,2025,49,2025-11-25,2025-12-01,completed
500011,1015,2025,49,2025-11-24,2025-12-01,completed
500012,1016,2025,49,2025-11-22,2025-12-01,completed
500013,1017,2025,49,2025-11-24,2025-12-01,completed
500014,1018,2025,49,2025-11-25,2025-12-01,failed
500015,1020,2025,49,2025-11-22,2025-12-01,completed
500016,1022,2025,49,2025-11-22,2025-12-01,completed
500017,1024,2025,49,2025-11-22,2025-12-01,completed
500018,1025,2025,49,2025-11-24,2025-12-01,completed
500019,1026,2025,49,2025-11-24,2025-12-01,completed
500020,1027,2025,49,2025-11-25,2025-12-01,completed
500021,1029,2025,49,2025-11-24,2025-12-01,completed
500022,1030,2025,49,2025-11-24,2025-12-01,completed
500023,1031,2025,49,2025-11-22,2025-12-01,completed
500024,1032,2025,49,2025-11-23,2025-12-01,completed
500025,1033,2025,49,2025-11-23,2025-12-01,completed
500026,1034,2025,49,2025-11-23,2025-12-01,completed
500027,1036,2025,49,2025-11-24,2025-12-01,completed
500028,1037,2025,49,2025-11-22,2025-12-01,completed
500029,1039,2025,49,2025-11-22,2025-12-01,completed
500030,1040,2025,49,2025-11-23,2025-12-01,completed
500031,1041,2025,49,2025-11-23,2025-12-01,completed
500032,1043,2025,49,2025-11-25,2025-12-01,completed
500033,1044,2025,49,2025-11-22,2025-12-01,completed
500034,1047,2025,49,2025-11-22,2025-12-01,completed
500035,1048,2025,49,2025-11-25,2025-12-01,completed
500036,1050,2025,49,2025-11-24,2025-12-01,completed
500037,1051,2025,49,2025-11-22,2025-12-01,completed
500038,1052,2025,49,2025-11-25,2025-12-01,completed
500039,1053,2025,49,2025-11-23,2025-12-01,completed
500040,1055,2025,49,2025-11-25,2025-12-01,completed
500041,1056,2025,49,2025-11-23,2025-12-01,completed
500042,1058,2025,49,2025-11-24,2025-12-01,completed
500043,1060,2025,49,2025-11-25,2025-12-01,completed
500044,1062,2025,49,2025-11-23,2025-12-01,cancelled
500045,1064,2025,49,2025-11-24,2025-12-01,completed
500046,1065,2025,49,2025-11-22,2025-12-01,completed
500047,1067,2025,49,2025-11-23,2025-12-01,completed
500048,1068,2025,49,2025-11-25,2025-12-01,completed
500049,1069,2025,49,2025-11-22,2025-12-01,completed
500050,1070,2025,49,2025-11-24,2025-12-01,completed
500051,1071,2025,49,2025-11-25,2025-12-01,completed
500052,1073,2025,49,2025-11-25,2025-12-01,completed
500053,1074,2025,49,2025-11-25,2025-12-01,completed
500054,1078,2025,49,2025-11-24,2025-12-01,cancelled
500055,1079,2025,49,2025-11-22,2025-12-01,completed
500056,1080,2025,49,2025-11-22,2025-12-01,completed
500057,1082,2025,49,2025-11-25,2025-12-01,completed
500058,1083,2025,49,2025-11-24,2025-12-01,completed
500059,1086,2025,49,2025-11-24,2025-12-01,completed
500060,1087,2025,49,2025-11-23,2025-12-01,completed
500061,1088,2025,49,2025-11-25,2025-12-01,completed
500062,1091,2025,49,2025-11-22,2025-12-01,completed
500063,1094,2025,49,2025-11-22,2025-12-01,completed
500064,1095,2025,49,2025-11-25,2025-12-01,completed
500065,1096,2025,49,2025-11-25,2025-12-01,completed
500066,1097,2025,49,2025-11-25,2025-12-01,completed
500067,1098,2025,49,2025-11-22,2025-12-01,completed
500068,1099,2025,49,2025-11-22,2025-12-01,completed
500069,1100,2025,49,2025-11-23,2025-12-01,completed
500070,1102,2025,49,2025-11-24,2025-12-01,completed
500071,1103,2025,49,2025-11-23,2025-12-01,completed
500072,1104,2025,49,2025-11-22,2025-12-01,completed
500073,1107,2025,49,2025-11-22,2025-12-01,completed
500074,1109,2025,49,2025-11-23,2025-12-01,completed
500075,1110,2025,49,2025-11-24,2025-12-01,completed
500076,1114,2025,49,2025-11-23,2025-12-01,cancelled
500077,1116,2025,49,2025-11-22,2025-12-01,completed
500078,1117,2025,49,2025-11-25,2025-12-01,cancelled
500079,1118,2025,49,2025-11-24,2025-12-01,completed
500080,1120,2025,49,2025-11-23,2025-12-01,completed
500081,1122,2025,49,2025-11-24,2025-12-01,completed
500082,1124,2025,49,2025-11-25,2025-12-01,completed
500083,1127,2025,49,2025-11-25,2025-12-01,completed
500084,1128,2025,49,2025-11-23,2025-12-01,completed
500085,1129,2025,49,2025-11-22,2025-12-01,completed
500086,1130,2025,49,2025-11-25,2025-12-01,completed
500087,1132,2025,49,2025-11-25,2025-12-01,completed
500088,1134,2025,49,2025-11-24,2025-12-01,completed
500089,1135,2025,49,2025-11-24,2025-12-01,completed
500090,1137,2025,49,2025-11-24,2025-12-01,cancelled
500091,1138,2025,49,2025-11-22,2025-12-01,completed
500092,1139,2025,49,2025-11-23,2025-12-01,completed
500093,1140,2025,49,2025-11-25,2025-12-01,completed
500094,1144,2025,49,2025-11-25,2025-12-01,completed
500095,1145,2025,49,2025-11-24,2025-12-01,completed
500096,1146,2025,49,2025-11-22,2025-12-01,completed
500097,1147,2025,49,2025-11-24,2025-12-01,completed
500098,1149,2025,49,2025-11-22,2025-12-01,completed
500099,1150,2025,49,2025-11-24,2025-12-01,completed
500100,1151,2025,49,2025-11-24,2025-12-01,completed
500101,1154,2025,49,2025-11-24,2025-12-01,completed
500102,1155,2025,49,2025-11-24,2025-12-01,completed
500103,1157,2025,49,2025-11-22,2025-12-01,completed
500104,1158,2025,49,2025-11-23,2025-12-01,completed
500105,1161,2025,49,2025-11-24,2025-12-01,completed
500106,1162,2025,49,2025-11-22,2025-12-01,completed
500107,1163,2025,49,2025-11-23,2025-12-01,completed
500108,1164,2025,49,2025-11-25,2025-12-01,completed
500109,1166,2025,49,2025-11-22,2025-12-01,completed
500110,1167,2025,49,2025-11-22,2025-12-01,completed
500111,1168,2025,49,2025-11-22,2025-12-01,completed
500112,1170,2025,49,2025-11-24,2025-12-01,completed
500113,1171,2025,49,2025-11-22,2025-12-01,completed
500114,1172,2025,49,2025-11-24,2025-12-01,completed
500115,1173,2025,49,2025-11-24,2025-12-01,completed
500116,1174,2025,49,2025-11-24,2025-12-01,completed
500117,1175,2025,49,2025-11-25,2025-12-01,completed
500118,1176,2025,49,2025-11-23,2025-12-01,completed
500119,1177,2025,49,2025-11-25,2025-12-01,completed
500120,1178,2025,49,2025-11-22,2025-12-01,completed
500121,1180,2025,49,2025-11-24,2025-12-01,completed
500122,1182,2025,49,2025-11-23,2025-12-01,completed
500123,1183,2025,49,2025-11-25,2025-12-01,completed
500124,1184,2025,49,2025-11-22,2025-12-01,completed
500125,1185,2025,49,2025-11-24,2025-12-01,completed
500126,1186,2025,49,2025-11-24,2025-12-01,completed
500127,1191,2025,49,2025-11-22,2025-12-01,completed
500128,1193,2025,49,2025-11-22,2025-12-01,completed
500129,1196,2025,49,2025-11-22,2025-12-01,completed
500130,1197,2025,49,2025-11-23,2025-12-01,completed
500131,1198,2025,49,2025-11-23,2025-12-01,completed
500132,1200,2025,49,2025-11-23,2025-12-01,completed
500133,1201,2025,49,2025-11-23,2025-12-01,cancelled
500134,1202,2025,49,2025-11-22,2025-12-01,completed
500135,1205,2025,49,2025-11-23,2025-12-01,completed
500136,1206,2025,49,2025-11-25,2025-12-01,completed
500137,1209,2025,49,2025-11-25,2025-12-01,completed
500138,1212,2025,49,2025-11-25,2025-12-01,completed
500139,1213,2025,49,2025-11-24,2025-12-01,completed
500140,1214,2025,49,2025-11-23,2025-12-01,completed
500141,1217,2025,49,2025-11-23,2025-12-01,cancelled
500142,1219,2025,49,2025-11-24,2025-12-01,completed
500143,1001,2025,50,2025-11-30,2025-12-08,completed
500144,1002,2025,50,2025-12-01,2025-12-08,completed
500145,1003,2025,50,2025-12-01,2025-12-08,completed
500146,1006,2025,50,2025-11-29,2025-12-08,completed
500147,1007,2025,50,2025-12-01,2025-12-08,completed
500148,1008,2025,50,2025-11-30,2025-12-08,completed
500149,1010,2025,50,2025-12-02,2025-12-08,completed
500150,1011,2025,50,2025-11-29,2025-12-08,completed
500151,1012,2025,50,2025-12-02,2025-12-08,completed
500152,1014,2025,50,2025-12-01,2025-12-08,completed
500153,1016,2025,50,2025-11-30,2025-12-08,completed
500154,1021,2025,50,2025-11-29,2025-12-08,completed
500155,1022,2025,50,2025-12-02,2025-12-08,completed
500156,1024,2025,50,2025-11-29,2025-12-08,completed
500157,1025,2025,50,2025-12-02,2025-12-08,completed
500158,1026,2025,50,2025-12-02,2025-12-08,completed
500159,1028,2025,50,2025-12-02,2025-12-08,completed
500160,1029,2025,50,2025-12-01,2025-12-08,completed
500161,1031,2025,50,2025-12-01,2025-12-08,completed
500162,1032,2025,50,2025-12-01,2025-12-08,completed
500163,1033,2025,50,2025-12-01,2025-12-08,completed
500164,1035,2025,50,2025-12-01,2025-12-08,completed
500165,1037,2025,50,2025-11-29,2025-12-08,completed
500166,1038,2025,50,2025-11-30,2025-12-08,completed
500167,1040,2025,50,2025-11-29,2025-12-08,cancelled
500168,1042,2025,50,2025-11-30,2025-12-08,completed
500169,1044,2025,50,2025-11-29,2025-12-08,completed
500170,1046,2025,50,2025-11-29,2025-12-08,completed
500171,1048,2025,50,2025-12-02,2025-12-08,completed
500172,1050,2025,50,2025-11-29,2025-12-08,completed
500173,1051,2025,50,2025-12-02,2025-12-08,completed
500174,1052,2025,50,2025-11-30,2025-12-08,completed
500175,1053,2025,50,2025-11-30,2025-12-08,completed
500176,1055,2025,50,2025-12-02,2025-12-08,completed
500177,1057,2025,50,2025-11-29,2025-12-08,completed
500178,1058,2025,50,2025-12-01,2025-12-08,cancelled
500179,1059,2025,50,2025-12-01,2025-12-08,completed
500180,1060,2025,50,2025-11-29,2025-12-08,completed
500181,1061,2025,50,2025-11-30,2025-12-08,completed
500182,1062,2025,50,2025-11-30,2025-12-08,completed
500183,1065,2025,50,2025-11-30,2025-12-08,completed
500184,1067,2025,50,2025-11-30,2025-12-08,completed
500185,1071,2025,50,2025-11-29,2025-12-08,completed
500186,1072,2025,50,2025-12-01,2025-12-08,completed
500187,1074,2025,50,2025-12-02,2025-12-08,completed
500188,1076,2025,50,2025-12-02,2025-12-08,completed
500189,1077,2025,50,2025-12-02,2025-12-08,completed
500190,1078,2025,50,2025-12-01,2025-12-08,completed
500191,1079,2025,50,2025-11-30,2025-12-08,completed
500192,1080,2025,50,2025-12-01,2025-12-08,completed
500193,1082,2025,50,2025-12-01,2025-12-08,completed
500194,1084,2025,50,2025-11-29,2025-12-08,completed
500195,1085,2025,50,2025-11-29,2025-12-08,completed
500196,1086,2025,50,2025-11-30,2025-12-08,completed
500197,1087,2025,50,2025-12-01,2025-12-08,completed
500198,1088,2025,50,2025-12-02,2025-12-08,completed
500199,1089,2025,50,2025-11-30,2025-12-08,completed
500200,1090,2025,50,2025-12-02,2025-12-08,completed
500201,1091,2025,50,2025-11-30,2025-12-08,cancelled
500202,1093,2025,50,2025-11-30,2025-12-08,completed
500203,1094,2025,50,2025-11-30,2025-12-08,completed
500204,1095,2025,50,2025-12-02,2025-12-08,completed
500205,1096,2025,50,2025-11-30,2025-12-08,completed
500206,1097,2025,50,2025-11-30,2025-12-08,completed
500207,1098,2025,50,2025-12-01,2025-12-08,completed
500208,1099,2025,50,2025-12-01,2025-12-08,completed
500209,1100,2025,50,2025-11-29,2025-12-08,completed
500210,1101,2025,50,2025-12-01,2025-12-08,completed
500211,1104,2025,50,2025-11-29,2025-12-08,completed
500212,1105,2025,50,2025-11-30,2025-12-08,completed
500213,1106,2025,50,2025-12-01,2025-12-08,completed
500214,1107,2025,50,2025-12-02,2025-12-08,failed
500215,1108,2025,50,2025-11-30,2025-12-08,completed
500216,1109,2025,50,2025-11-30,2025-12-08,completed
500217,1114,2025,50,2025-11-30,2025-12-08,completed
500218,1115,2025,50,2025-12-01,2025-12-08,completed
500219,1117,2025,50,2025-11-29,2025-12-08,completed
500220,1118,2025,50,2025-11-30,2025-12-08,completed
500221,1119,2025,50,2025-11-30,2025-12-08,completed
500222,1120,2025,50,2025-11-29,2025-12-08,cancelled
500223,1122,2025,50,2025-12-02,2025-12-08,completed
500224,1123,2025,50,2025-12-02,2025-12-08,completed
500225,1125,2025,50,2025-11-30,2025-12-08,failed
500226,1126,2025,50,2025-12-01,2025-12-08,completed
500227,1127,2025,50,2025-12-01,2025-12-08,completed
500228,1128,2025,50,2025-11-30,2025-12-08,completed
500229,1129,2025,50,2025-12-02,2025-12-08,completed
500230,1130,2025,50,2025-12-01,2025-12-08,completed
500231,1133,2025,50,2025-11-30,2025-12-08,completed
500232,1134,2025,50,2025-11-30,2025-12-08,completed
500233,1135,2025,50,2025-11-29,2025-12-08,completed
500234,1136,2025,50,2025-11-29,2025-12-08,completed
500235,1137,2025,50,2025-11-29,2025-12-08,cancelled
500236,1138,2025,50,2025-11-30,2025-12-08,completed
500237,1139,2025,50,2025-12-02,2025-12-08,completed
500238,1141,2025,50,2025-11-30,2025-12-08,completed
500239,1142,2025,50,2025-12-01,2025-12-08,completed
500240,1143,2025,50,2025-12-01,2025-12-08,completed
500241,1144,2025,50,2025-12-01,2025-12-08,completed
500242,1145,2025,50,2025-11-30,2025-12-08,completed
500243,1146,2025,50,2025-12-01,2025-12-08,completed
500244,1148,2025,50,2025-11-30,2025-12-08,completed
500245,1149,2025,50,2025-12-02,2025-12-08,completed
500246,1150,2025,50,2025-11-30,2025-12-08,completed
500247,1151,2025,50,2025-11-29,2025-12-08,completed
500248,1152,2025,50,2025-11-30,2025-12-08,completed
500249,1153,2025,50,2025-11-30,2025-12-08,completed
500250,1154,2025,50,2025-11-30,2025-12-08,completed
500251,1156,2025,50,2025-12-02,2025-12-08,completed
500252,1157,2025,50,2025-11-30,2025-12-08,completed
500253,1158,2025,50,2025-11-29,2025-12-08,completed
500254,1159,2025,50,2025-12-02,2025-12-08,completed
500255,1161,2025,50,2025-11-29,2025-12-08,completed
500256,1162,2025,50,2025-12-01,2025-12-08,completed
500257,1163,2025,50,2025-11-30,2025-12-08,completed
500258,1164,2025,50,2025-11-29,2025-12-08,completed
500259,1166,2025,50,2025-12-02,2025-12-08,completed
500260,1168,2025,50,2025-12-02,2025-12-08,completed
500261,1169,2025,50,2025-11-29,2025-12-08,completed
500262,1173,2025,50,2025-12-01,2025-12-08,completed
500263,1176,2025,50,2025-11-29,2025-12-08,completed
500264,1177,2025,50,2025-12-02,2025-12-08,completed
500265,1178,2025,50,2025-11-29,2025-12-08,completed
500266,1179,2025,50,2025-11-30,2025-12-08,completed
500267,1181,2025,50,2025-11-29,2025-12-08,completed
500268,1182,2025,50,2025-12-01,2025-12-08,completed
500269,1183,2025,50,2025-12-02,2025-12-08,completed
500270,1184,2025,50,2025-12-01,2025-12-08,completed
500271,1186,2025,50,2025-12-01,2025-12-08,completed
500272,1187,2025,50,2025-11-30,2025-12-08,completed
500273,1189,2025,50,2025-12-02,2025-12-08,completed
500274,1191,2025,50,2025-12-01,2025-12-08,completed
500275,1192,2025,50,2025-12-01,2025-12-08,completed
500276,1194,2025,50,2025-11-29,2025-12-08,completed
500277,1195,2025,50,2025-12-01,2025-12-08,completed
500278,1196,2025,50,2025-11-30,2025-12-08,completed
500279,1199,2025,50,2025-11-30,2025-12-08,failed
500280,1200,2025,50,2025-12-02,2025-12-08,completed
500281,1201,2025,50,2025-11-29,2025-12-08,completed
500282,1202,2025,50,2025-12-01,2025-12-08,completed
500283,1203,2025,50,2025-11-30,2025-12-08,completed
500284,1204,2025,50,2025-12-01,2025-12-08,completed
500285,1205,2025,50,2025-11-30,2025-12-08,completed
500286,1206,2025,50,2025-11-30,2025-12-08,completed
500287,1207,2025,50,2025-11-30,2025-12-08,completed
500288,1209,2025,50,2025-11-29,2025-12-08,completed
500289,1210,2025,50,2025-12-02,2025-12-08,completed
500290,1212,2025,50,2025-12-01,2025-12-08,completed
500291,1213,2025,50,2025-12-01,2025-12-08,completed
500292,1214,2025,50,2025-11-30,2025-12-08,completed
500293,1215,2025,50,2025-11-30,2025-12-08,completed
500294,1217,2025,50,2025-11-29,2025-12-08,completed
500295,1219,2025,50,2025-11-29,2025-12-08,cancelled
500296,1220,2025,50,2025-11-30,2025-12-08,completed
500297,1001,2025,51,2025-12-08,2025-12-15,completed
500298,1002,2025,51,2025-12-08,2025-12-15,completed
500299,1003,2025,51,2025-12-07,2025-12-15,completed
500300,1004,2025,51,2025-12-07,2025-12-15,completed
500301,1006,2025,51,2025-12-09,2025-12-15,completed
500302,1008,2025,51,2025-12-08,2025-12-15,completed
500303,1013,2025,51,2025-12-06,2025-12-15,completed
500304,1014,2025,51,2025-12-09,2025-12-15,completed
500305,1015,2025,51,2025-12-08,2025-12-15,completed
500306,1017,2025,51,2025-12-08,2025-12-15,completed
500307,1018,2025,51,2025-12-08,2025-12-15,completed
500308,1019,2025,51,2025-12-07,2025-12-15,completed
500309,1020,2025,51,2025-12-09,2025-12-15,completed
500310,1023,2025,51,2025-12-06,2025-12-15,completed
500311,1024,2025,51,2025-12-07,2025-12-15,completed
500312,1025,2025,51,2025-12-06,2025-12-15,completed
500313,1026,2025,51,2025-12-08,2025-12-15,completed
500314,1031,2025,51,2025-12-09,2025-12-15,cancelled
500315,1032,2025,51,2025-12-09,2025-12-15,completed
500316,1033,2025,51,2025-12-08,2025-12-15,completed
500317,1035,2025,51,2025-12-09,2025-12-15,completed
500318,1036,2025,51,2025-12-09,2025-12-15,cancelled
500319,1037,2025,51,2025-12-07,2025-12-15,completed
500320,1038,2025,51,2025-12-07,2025-12-15,completed
500321,1039,2025,51,2025-12-08,2025-12-15,completed
500322,1042,2025,51,2025-12-06,2025-12-15,completed
500323,1043,2025,51,2025-12-09,2025-12-15,completed
500324,1044,2025,51,2025-12-07,2025-12-15,completed
500325,1045,2025,51,2025-12-06,2025-12-15,completed
500326,1046,2025,51,2025-12-07,2025-12-15,completed
500327,1047,2025,51,2025-12-08,2025-12-15,failed
500328,1053,2025,51,2025-12-08,2025-12-15,completed
500329,1054,2025,51,2025-12-09,2025-12-15,completed
500330,1057,2025,51,2025-12-08,2025-12-15,completed
500331,1058,2025,51,2025-12-09,2025-12-15,completed
500332,1064,2025,51,2025-12-07,2025-12-15,completed
500333,1066,2025,51,2025-12-08,2025-12-15,completed
500334,1067,2025,51,2025-12-06,2025-12-15,completed
500335,1068,2025,51,2025-12-07,2025-12-15,completed
500336,1069,2025,51,2025-12-06,2025-12-15,completed
500337,1070,2025,51,2025-12-09,2025-12-15,completed
500338,1071,2025,51,2025-12-06,2025-12-15,completed
500339,1072,2025,51,2025-12-06,2025-12-15,completed
500340,1073,2025,51,2025-12-07,2025-12-15,completed
500341,1075,2025,51,2025-12-07,2025-12-15,completed
500342,1076,2025,51,2025-12-09,2025-12-15,completed
500343,1077,2025,51,2025-12-08,2025-12-15,cancelled
500344,1079,2025,51,2025-12-07,2025-12-15,completed
500345,1082,2025,51,2025-12-07,2025-12-15,completed
500346,1083,2025,51,2025-12-07,2025-12-15,completed
500347,1084,2025,51,2025-12-07,2025-12-15,completed
500348,1085,2025,51,2025-12-08,2025-12-15,completed
500349,1086,2025,51,2025-12-08,2025-12-15,completed
500350,1087,2025,51,2025-12-08,2025-12-15,completed
500351,1088,2025,51,2025-12-07,2025-12-15,completed
500352,1089,2025,51,2025-12-09,2025-12-15,completed
500353,1091,2025,51,2025-12-08,2025-12-15,completed
500354,1094,2025,51,2025-12-07,2025-12-15,completed
500355,1096,2025,51,2025-12-07,2025-12-15,completed
500356,1098,2025,51,2025-12-08,2025-12-15,completed
500357,1099,2025,51,2025-12-09,2025-12-15,completed
500358,1100,2025,51,2025-12-08,2025-12-15,completed
500359,1101,2025,51,2025-12-09,2025-12-15,completed
500360,1103,2025,51,2025-12-08,2025-12-15,completed
500361,1104,2025,51,2025-12-07,2025-12-15,completed
500362,1108,2025,51,2025-12-09,2025-12-15,completed
500363,1113,2025,51,2025-12-07,2025-12-15,completed
500364,1116,2025,51,2025-12-06,2025-12-15,completed
500365,1117,2025,51,2025-12-08,2025-12-15,completed
500366,1118,2025,51,2025-12-08,2025-12-15,completed
500367,1119,2025,51,2025-12-08,2025-12-15,completed
500368,1120,2025,51,2025-12-06,2025-12-15,completed
500369,1121,2025,51,2025-12-08,2025-12-15,completed
500370,1122,2025,51,2025-12-08,2025-12-15,completed
500371,1123,2025,51,2025-12-07,2025-12-15,cancelled
500372,1125,2025,51,2025-12-09,2025-12-15,completed
500373,1127,2025,51,2025-12-06,2025-12-15,completed
500374,1128,2025,51,2025-12-07,2025-12-15,completed
500375,1129,2025,51,2025-12-09,2025-12-15,completed
500376,1130,2025,51,2025-12-07,2025-12-15,completed
500377,1131,2025,51,2025-12-07,2025-12-15,completed
500378,1132,2025,51,2025-12-09,2025-12-15,completed
500379,1134,2025,51,2025-12-06,2025-12-15,completed
500380,1136,2025,51,2025-12-07,2025-12-15,completed
500381,1137,2025,51,2025-12-07,2025-12-15,completed
500382,1139,2025,51,2025-12-08,2025-12-15,completed
500383,1140,2025,51,2025-12-09,2025-12-15,completed
500384,1141,2025,51,2025-12-08,2025-12-15,completed
500385,1142,2025,51,2025-12-09,2025-12-15,completed
500386,1143,2025,51,2025-12-09,2025-12-15,completed
500387,1144,2025,51,2025-12-07,2025-12-15,completed
500388,1147,2025,51,2025-12-06,2025-12-15,completed
500389,1148,2025,51,2025-12-09,2025-12-15,completed
500390,1150,2025,51,2025-12-07,2025-12-15,completed
500391,1151,2025,51,2025-12-08,2025-12-15,completed
500392,1152,2025,51,2025-12-07,2025-12-15,completed
500393,1153,2025,51,2025-12-06,2025-12-15,completed
500394,1154,2025,51,2025-12-07,2025-12-15,completed
500395,1155,2025,51,2025-12-06,2025-12-15,completed
500396,1157,2025,51,2025-12-06,2025-12-15,completed
500397,1158,2025,51,2025-12-06,2025-12-15,completed
500398,1159,2025,51,2025-12-08,2025-12-15,completed
500399,1160,2025,51,2025-12-09,2025-12-15,completed
500400,1162,2025,51,2025-12-07,2025-12-15,completed
500401,1164,2025,51,2025-12-08,2025-12-15,completed
500402,1165,2025,51,2025-12-09,2025-12-15,completed
500403,1166,2025,51,2025-12-07,2025-12-15,completed
500404,1167,2025,51,2025-12-08,2025-12-15,completed
500405,1169,2025,51,2025-12-08,2025-12-15,cancelled
500406,1170,2025,51,2025-12-09,2025-12-15,completed
500407,1171,2025,51,2025-12-06,2025-12-15,completed
500408,1172,2025,51,2025-12-08,2025-12-15,completed
500409,1173,2025,51,2025-12-06,2025-12-15,completed
500410,1174,2025,51,2025-12-08,2025-12-15,cancelled
500411,1176,2025,51,2025-12-06,2025-12-15,completed
500412,1177,2025,51,2025-12-08,2025-12-15,completed
500413,1178,2025,51,2025-12-06,2025-12-15,completed
500414,1180,2025,51,2025-12-07,2025-12-15,completed
500415,1182,2025,51,2025-12-07,2025-12-15,completed
500416,1185,2025,51,2025-12-06,2025-12-15,completed
500417,1186,2025,51,2025-12-06,2025-12-15,completed
500418,1187,2025,51,2025-12-08,2025-12-15,completed
500419,1188,2025,51,2025-12-09,2025-12-15,completed
500420,1190,2025,51,2025-12-09,2025-12-15,completed
500421,1191,2025,51,2025-12-09,2025-12-15,completed
500422,1192,2025,51,2025-12-09,2025-12-15,completed
500423,1195,2025,51,2025-12-08,2025-12-15,completed
500424,1196,2025,51,2025-12-08,2025-12-15,completed
500425,1197,2025,51,2025-12-07,2025-12-15,completed
500426,1198,2025,51,2025-12-08,2025-12-15,completed
500427,1201,2025,51,2025-12-06,2025-12-15,completed
500428,1202,2025,51,2025-12-09,2025-12-15,completed
500429,1203,2025,51,2025-12-09,2025-12-15,completed
500430,1205,2025,51,2025-12-06,2025-12-15,completed
500431,1206,2025,51,2025-12-07,2025-12-15,completed
500432,1208,2025,51,2025-12-06,2025-12-15,completed
500433,1210,2025,51,2025-12-09,2025-12-15,completed
500434,1211,2025,51,2025-12-07,2025-12-15,completed
500435,1212,2025,51,2025-12-08,2025-12-15,completed
500436,1215,2025,51,2025-12-07,2025-12-15,completed
500437,1216,2025,51,2025-12-09,2025-12-15,completed
500438,1217,2025,51,2025-12-08,2025-12-15,completed
500439,1218,2025,51,2025-12-07,2025-12-15,completed
500440,1220,2025,51,2025-12-08,2025-12-15,completed
500441,1001,2025,52,2025-12-14,2025-12-22,completed
500442,1003,2025,52,2025-12-15,2025-12-22,completed
500443,1006,2025,52,2025-12-13,2025-12-22,completed
500444,1009,2025,52,2025-12-16,2025-12-22,completed
500445,1010,2025,52,2025-12-14,2025-12-22,completed
500446,1012,2025,52,2025-12-16,2025-12-22,completed
500447,1013,2025,52,2025-12-13,2025-12-22,completed
500448,1014,2025,52,2025-12-14,2025-12-22,completed
500449,1015,2025,52,2025-12-15,2025-12-22,completed
500450,1016,2025,52,2025-12-14,2025-12-22,completed
500451,1018,2025,52,2025-12-16,2025-12-22,completed
500452,1020,2025,52,2025-12-15,2025-12-22,completed
500453,1021,2025,52,2025-12-14,2025-12-22,completed
500454,1022,2025,52,2025-12-13,2025-12-22,completed
500455,1023,2025,52,2025-12-14,2025-12-22,cancelled
500456,1025,2025,52,2025-12-16,2025-12-22,completed
500457,1026,2025,52,2025-12-13,2025-12-22,completed
500458,1029,2025,52,2025-12-15,2025-12-22,completed
500459,1030,2025,52,2025-12-13,2025-12-22,completed
500460,1031,2025,52,2025-12-13,2025-12-22,completed
500461,1032,2025,52,2025-12-14,2025-12-22,failed
500462,1033,2025,52,2025-12-16,2025-12-22,completed
500463,1034,2025,52,2025-12-15,2025-12-22,completed
500464,1036,2025,52,2025-12-13,2025-12-22,completed
500465,1038,2025,52,2025-12-13,2025-12-22,completed
500466,1041,2025,52,2025-12-15,2025-12-22,completed
500467,1042,2025,52,2025-12-15,2025-12-22,completed
500468,1043,2025,52,2025-12-16,2025-12-22,completed
500469,1045,2025,52,2025-12-15,2025-12-22,completed
500470,1046,2025,52,2025-12-14,2025-12-22,completed
500471,1048,2025,52,2025-12-14,2025-12-22,completed
500472,1051,2025,52,2025-12-14,2025-12-22,completed
500473,1052,2025,52,2025-12-13,2025-12-22,completed
500474,1054,2025,52,2025-12-15,2025-12-22,completed
500475,1055,2025,52,2025-12-13,2025-12-22,completed
500476,1056,2025,52,2025-12-14,2025-12-22,completed
500477,1058,2025,52,2025-12-14,2025-12-22,completed
500478,1059,2025,52,2025-12-16,2025-12-22,completed
500479,1060,2025,52,2025-12-16,2025-12-22,completed
500480,1061,2025,52,2025-12-15,2025-12-22,completed
500481,1063,2025,52,2025-12-15,2025-12-22,completed
500482,1065,2025,52,2025-12-16,2025-12-22,completed
500483,1068,2025,52,2025-12-14,2025-12-22,cancelled
500484,1069,2025,52,2025-12-16,2025-12-22,completed
500485,1070,2025,52,2025-12-14,2025-12-22,completed
500486,1071,2025,52,2025-12-15,2025-12-22,completed
500487,1072,2025,52,2025-12-14,2025-12-22,completed
500488,1073,2025,52,2025-12-16,2025-12-22,completed
500489,1075,2025,52,2025-12-14,2025-12-22,completed
500490,1076,2025,52,2025-12-14,2025-12-22,completed
500491,1077,2025,52,2025-12-14,2025-12-22,completed
500492,1078,2025,52,2025-12-16,2025-12-22,completed
500493,1081,2025,52,2025-12-13,2025-12-22,completed
500494,1082,2025,52,2025-12-13,2025-12-22,completed
500495,1083,2025,52,2025-12-16,2025-12-22,completed
500496,1088,2025,52,2025-12-13,2025-12-22,completed
500497,1089,2025,52,2025-12-16,2025-12-22,completed
500498,1091,2025,52,2025-12-14,2025-12-22,completed
500499,1094,2025,52,2025-12-14,2025-12-22,completed
500500,1095,2025,52,2025-12-15,2025-12-22,completed
500501,1096,2025,52,2025-12-14,2025-12-22,completed
500502,1097,2025,52,2025-12-13,2025-12-22,completed
500503,1099,2025,52,2025-12-14,2025-12-22,completed
500504,1100,2025,52,2025-12-13,2025-12-22,completed
500505,1101,2025,52,2025-12-14,2025-12-22,completed
500506,1102,2025,52,2025-12-15,2025-12-22,completed
500507,1103,2025,52,2025-12-14,2025-12-22,completed
500508,1106,2025,52,2025-12-14,2025-12-22,cancelled
500509,1107,2025,52,2025-12-15,2025-12-22,completed
500510,1108,2025,52,2025-12-13,2025-12-22,completed
500511,1110,2025,52,2025-12-16,2025-12-22,completed
500512,1111,2025,52,2025-12-14,2025-12-22,completed
500513,1112,2025,52,2025-12-14,2025-12-22,completed
500514,1116,2025,52,2025-12-16,2025-12-22,completed
500515,1117,2025,52,2025-12-14,2025-12-22,completed
500516,1120,2025,52,2025-12-13,2025-12-22,completed
500517,1123,2025,52,2025-12-16,2025-12-22,completed
500518,1124,2025,52,2025-12-13,2025-12-22,completed
500519,1127,2025,52,2025-12-14,2025-12-22,completed
500520,1130,2025,52,2025-12-15,2025-12-22,completed
500521,1131,2025,52,2025-12-15,2025-12-22,completed
500522,1132,2025,52,2025-12-15,2025-12-22,completed
500523,1133,2025,52,2025-12-15,2025-12-22,completed
500524,1134,2025,52,2025-12-15,2025-12-22,completed
500525,1135,2025,52,2025-12-16,2025-12-22,completed
500526,1136,2025,52,2025-12-13,2025-12-22,completed
500527,1137,2025,52,2025-12-16,2025-12-22,completed
500528,1140,2025,52,2025-12-16,2025-12-22,completed
500529,1141,2025,52,2025-12-15,2025-12-22,completed
500530,1143,2025,52,2025-12-16,2025-12-22,completed
500531,1144,2025,52,2025-12-13,2025-12-22,completed
500532,1145,2025,52,2025-12-13,2025-12-22,completed
500533,1146,2025,52,2025-12-15,2025-12-22,completed
500534,1147,2025,52,2025-12-13,2025-12-22,completed
500535,1148,2025,52,2025-12-15,2025-12-22,completed
500536,1149,2025,52,2025-12-13,2025-12-22,failed
500537,1150,2025,52,2025-12-16,2025-12-22,completed
500538,1151,2025,52,2025-12-15,2025-12-22,completed
500539,1152,2025,52,2025-12-13,2025-12-22,completed
500540,1154,2025,52,2025-12-13,2025-12-22,completed
500541,1155,2025,52,2025-12-16,2025-12-22,completed
500542,1156,2025,52,2025-12-16,2025-12-22,completed
500543,1158,2025,52,2025-12-16,2025-12-22,failed
500544,1159,2025,52,2025-12-15,2025-12-22,completed
500545,1160,2025,52,2025-12-14,2025-12-22,completed
500546,1161,2025,52,2025-12-13,2025-12-22,completed
500547,1162,2025,52,2025-12-16,2025-12-22,cancelled
500548,1164,2025,52,2025-12-15,2025-12-22,completed
500549,1165,2025,52,2025-12-14,2025-12-22,completed
500550,1166,2025,52,2025-12-15,2025-12-22,completed
500551,1167,2025,52,2025-12-13,2025-12-22,completed
500552,1168,2025,52,2025-12-15,2025-12-22,completed
500553,1169,2025,52,2025-12-13,2025-12-22,completed
500554,1171,2025,52,2025-12-13,2025-12-22,completed
500555,1172,2025,52,2025-12-15,2025-12-22,completed
500556,1173,2025,52,2025-12-16,2025-12-22,cancelled
500557,1176,2025,52,2025-12-15,2025-12-22,completed
500558,1178,2025,52,2025-12-15,2025-12-22,completed
500559,1181,2025,52,2025-12-13,2025-12-22,completed
500560,1182,2025,52,2025-12-14,2025-12-22,completed
500561,1183,2025,52,2025-12-15,2025-12-22,completed
500562,1185,2025,52,2025-12-13,2025-12-22,completed
500563,1186,2025,52,2025-12-13,2025-12-22,completed
500564,1189,2025,52,2025-12-15,2025-12-22,completed
500565,1191,2025,52,2025-12-14,2025-12-22,completed
500566,1194,2025,52,2025-12-15,2025-12-22,completed
500567,1196,2025,52,2025-12-14,2025-12-22,completed
500568,1199,2025,52,2025-12-15,2025-12-22,completed
500569,1200,2025,52,2025-12-15,2025-12-22,completed
500570,1201,2025,52,2025-12-16,2025-12-22,completed
500571,1203,2025,52,2025-12-13,2025-12-22,completed
500572,1204,2025,52,2025-12-15,2025-12-22,completed
500573,1206,2025,52,2025-12-13,2025-12-22,completed
500574,1207,2025,52,2025-12-14,2025-12-22,cancelled
500575,1210,2025,52,2025-12-15,2025-12-22,completed
500576,1211,2025,52,2025-12-13,2025-12-22,completed
500577,1212,2025,52,2025-12-15,2025-12-22,completed
500578,1213,2025,52,2025-12-15,2025-12-22,completed
500579,1214,2025,52,2025-12-13,2025-12-22,completed
500580,1216,2025,52,2025-12-14,2025-12-22,completed
500581,1218,2025,52,2025-12-13,2025-12-22,completed
500582,1219,2025,52,2025-12-15,2025-12-22,cancelled
500583,1220,2025,52,2025-12-16,2025-12-22,cancelled
500584,1001,2026,1,2025-12-20,2025-12-29,completed
500585,1002,2026,1,2025-12-22,2025-12-29,cancelled
500586,1003,2026,1,2025-12-21,2025-12-29,completed
500587,1004,2026,1,2025-12-21,2025-12-29,completed
500588,1005,2026,1,2025-12-22,2025-12-29,completed
500589,1008,2026,1,2025-12-22,2025-12-29,completed
500590,1009,2026,1,2025-12-21,2025-12-29,failed
500591,1011,2026,1,2025-12-22,2025-12-29,completed
500592,1013,2026,1,2025-12-23,2025-12-29,completed
500593,1015,2026,1,2025-12-22,2025-12-29,completed
500594,1016,2026,1,2025-12-21,2025-12-29,completed
500595,1017,2026,1,2025-12-21,2025-12-29,completed
500596,1019,2026,1,2025-12-20,2025-12-29,completed
500597,1020,2026,1,2025-12-21,2025-12-29,completed
500598,1021,2026,1,2025-12-22,2025-12-29,completed
500599,1023,2026,1,2025-12-21,2025-12-29,completed
500600,1024,2026,1,2025-12-20,2025-12-29,completed
500601,1027,2026,1,2025-12-23,2025-12-29,completed
500602,1028,2026,1,2025-12-20,2025-12-29,completed
500603,1030,2026,1,2025-12-21,2025-12-29,completed
500604,1033,2026,1,2025-12-21,2025-12-29,completed
500605,1034,2026,1,2025-12-20,2025-12-29,completed
500606,1035,2026,1,2025-12-22,2025-12-29,completed
500607,1038,2026,1,2025-12-23,2025-12-29,completed
500608,1039,2026,1,2025-12-21,2025-12-29,completed
500609,1040,2026,1,2025-12-20,2025-12-29,completed
500610,1041,2026,1,2025-12-23,2025-12-29,completed
500611,1042,2026,1,2025-12-22,2025-12-29,completed
500612,1043,2026,1,2025-12-22,2025-12-29,completed
500613,1044,2026,1,2025-12-21,2025-12-29,cancelled
500614,1047,2026,1,2025-12-23,2025-12-29,completed
500615,1048,2026,1,2025-12-22,2025-12-29,completed
500616,1049,2026,1,2025-12-22,2025-12-29,completed
500617,1051,2026,1,2025-12-20,2025-12-29,completed
500618,1053,2026,1,2025-12-20,2025-12-29,cancelled
500619,1054,2026,1,2025-12-23,2025-12-29,completed
500620,1056,2026,1,2025-12-20,2025-12-29,completed
500621,1057,2026,1,2025-12-21,2025-12-29,completed
500622,1058,2026,1,2025-12-20,2025-12-29,completed
500623,1059,2026,1,2025-12-22,2025-12-29,completed
500624,1060,2026,1,2025-12-22,2025-12-29,completed
500625,1061,2026,1,2025-12-21,2025-12-29,completed
500626,1062,2026,1,2025-12-21,2025-12-29,completed
500627,1064,2026,1,2025-12-23,2025-12-29,completed
500628,1065,2026,1,2025-12-21,2025-12-29,completed
500629,1066,2026,1,2025-12-21,2025-12-29,completed
500630,1069,2026,1,2025-12-20,2025-12-29,completed
500631,1070,2026,1,2025-12-23,2025-12-29,completed
500632,1073,2026,1,2025-12-20,2025-12-29,completed
500633,1074,2026,1,2025-12-22,2025-12-29,completed
500634,1075,2026,1,2025-12-23,2025-12-29,completed
500635,1079,2026,1,2025-12-20,2025-12-29,completed
500636,1080,2026,1,2025-12-21,2025-12-29,completed
500637,1083,2026,1,2025-12-20,2025-12-29,completed
500638,1084,2026,1,2025-12-22,2025-12-29,completed
500639,1086,2026,1,2025-12-23,2025-12-29,completed
500640,1087,2026,1,2025-12-21,2025-12-29,cancelled
500641,1088,2026,1,2025-12-22,2025-12-29,completed
500642,1089,2026,1,2025-12-21,2025-12-29,completed
500643,1090,2026,1,2025-12-21,2025-12-29,cancelled
500644,1091,2026,1,2025-12-23,2025-12-29,completed
500645,1093,2026,1,2025-12-23,2025-12-29,completed
500646,1095,2026,1,2025-12-23,2025-12-29,cancelled
500647,1096,2026,1,2025-12-21,2025-12-29,completed
500648,1097,2026,1,2025-12-20,2025-12-29,completed
500649,1100,2026,1,2025-12-22,2025-12-29,completed
500650,1101,2026,1,2025-12-20,2025-12-29,completed
500651,1102,2026,1,2025-12-23,2025-12-29,completed
500652,1106,2026,1,2025-12-21,2025-12-29,completed
500653,1107,2026,1,2025-12-22,2025-12-29,completed
500654,1108,2026,1,2025-12-20,2025-12-29,completed
500655,1109,2026,1,2025-12-22,2025-12-29,completed
500656,1110,2026,1,2025-12-20,2025-12-29,completed
500657,1111,2026,1,2025-12-23,2025-12-29,completed
500658,1112,2026,1,2025-12-22,2025-12-29,completed
500659,1113,2026,1,2025-12-22,2025-12-29,completed
500660,1114,2026,1,2025-12-22,2025-12-29,completed
500661,1115,2026,1,2025-12-21,2025-12-29,completed
500662,1116,2026,1,2025-12-23,2025-12-29,completed
500663,1117,2026,1,2025-12-21,2025-12-29,completed
500664,1118,2026,1,2025-12-20,2025-12-29,completed
500665,1120,2026,1,2025-12-23,2025-12-29,cancelled
500666,1121,2026,1,2025-12-20,2025-12-29,completed
500667,1122,2026,1,2025-12-23,2025-12-29,completed
500668,1123,2026,1,2025-12-20,2025-12-29,completed
500669,1124,2026,1,2025-12-20,2025-12-29,completed
500670,1126,2026,1,2025-12-21,2025-12-29,completed
500671,1127,2026,1,2025-12-20,2025-12-29,completed
500672,1129,2026,1,2025-12-23,2025-12-29,completed
500673,1130,2026,1,2025-12-20,2025-12-29,completed
500674,1131,2026,1,2025-12-20,2025-12-29,completed
500675,1132,2026,1,2025-12-23,2025-12-29,completed
500676,1133,2026,1,2025-12-20,2025-12-29,completed
500677,1135,2026,1,2025-12-23,2025-12-29,failed
500678,1136,2026,1,2025-12-23,2025-12-29,completed
500679,1137,2026,1,2025-12-22,2025-12-29,failed
500680,1138,2026,1,2025-12-21,2025-12-29,completed
500681,1139,2026,1,2025-12-23,2025-12-29,completed
500682,1141,2026,1,2025-12-22,2025-12-29,completed
500683,1142,2026,1,2025-12-22,2025-12-29,completed
500684,1143,2026,1,2025-12-22,2025-12-29,completed
500685,1144,2026,1,2025-12-20,2025-12-29,completed
500686,1149,2026,1,2025-12-22,2025-12-29,completed
500687,1150,2026,1,2025-12-21,2025-12-29,completed
500688,1151,2026,1,2025-12-22,2025-12-29,completed
500689,1152,2026,1,2025-12-21,2025-12-29,completed
500690,1155,2026,1,2025-12-23,2025-12-29,completed
500691,1158,2026,1,2025-12-21,2025-12-29,completed
500692,1160,2026,1,2025-12-20,2025-12-29,completed
500693,1161,2026,1,2025-12-20,2025-12-29,completed
500694,1162,2026,1,2025-12-23,2025-12-29,completed
500695,1167,2026,1,2025-12-20,2025-12-29,completed
500696,1168,2026,1,2025-12-22,2025-12-29,cancelled
500697,1169,2026,1,2025-12-20,2025-12-29,completed
500698,1170,2026,1,2025-12-23,2025-12-29,completed
500699,1172,2026,1,2025-12-22,2025-12-29,completed
500700,1173,2026,1,2025-12-22,2025-12-29,cancelled
500701,1177,2026,1,2025-12-20,2025-12-29,completed
500702,1178,2026,1,2025-12-23,2025-12-29,completed
500703,1179,2026,1,2025-12-20,2025-12-29,completed
500704,1180,2026,1,2025-12-21,2025-12-29,completed
500705,1181,2026,1,2025-12-22,2025-12-29,completed
500706,1182,2026,1,2025-12-22,2025-12-29,completed
500707,1186,2026,1,2025-12-21,2025-12-29,completed
500708,1187,2026,1,2025-12-21,2025-12-29,completed
500709,1188,2026,1,2025-12-21,2025-12-29,completed
500710,1189,2026,1,2025-12-23,2025-12-29,completed
500711,1192,2026,1,2025-12-20,2025-12-29,completed
500712,1194,2026,1,2025-12-23,2025-12-29,completed
500713,1195,2026,1,2025-12-23,2025-12-29,completed
500714,1196,2026,1,2025-12-22,2025-12-29,completed
500715,1197,2026,1,2025-12-23,2025-12-29,completed
500716,1198,2026,1,2025-12-22,2025-12-29,cancelled
500717,1199,2026,1,2025-12-21,2025-12-29,completed
500718,1201,2026,1,2025-12-22,2025-12-29,completed
500719,1202,2026,1,2025-12-20,2025-12-29,completed
500720,1203,2026,1,2025-12-23,2025-12-29,completed
500721,1205,2026,1,2025-12-21,2025-12-29,completed
500722,1206,2026,1,2025-12-23,2025-12-29,completed
500723,1207,2026,1,2025-12-23,2025-12-29,completed
500724,1208,2026,1,2025-12-20,2025-12-29,completed
500725,1209,2026,1,2025-12-23,2025-12-29,completed
500726,1210,2026,1,2025-12-20,2025-12-29,completed
500727,1211,2026,1,2025-12-20,2025-12-29,completed
500728,1212,2026,1,2025-12-23,2025-12-29,completed
500729,1214,2026,1,2025-12-21,2025-12-29,completed
500730,1217,2026,1,2025-12-21,2025-12-29,completed
500731,1218,2026,1,2025-12-21,2025-12-29,completed
500732,1219,2026,1,2025-12-22,2025-12-29,failed
500733,1220,2026,1,2025-12-23,2025-12-29,completed
500734,1002,2026,2,2025-12-30,2026-01-05,completed
500735,1004,2026,2,2025-12-27,2026-01-05,completed
500736,1005,2026,2,2025-12-27,2026-01-05,completed
500737,1006,2026,2,2025-12-27,2026-01-05,completed
500738,1007,2026,2,2025-12-27,2026-01-05,completed
500739,1009,2026,2,2025-12-29,2026-01-05,completed
500740,1010,2026,2,2025-12-28,2026-01-05,completed
500741,1011,2026,2,2025-12-28,2026-01-05,completed
500742,1012,2026,2,2025-12-29,2026-01-05,completed
500743,1013,2026,2,2025-12-27,2026-01-05,completed
500744,1015,2026,2,2025-12-28,2026-01-05,completed
500745,1016,2026,2,2025-12-28,2026-01-05,completed
500746,1017,2026,2,2025-12-28,2026-01-05,completed
500747,1018,2026,2,2025-12-28,2026-01-05,completed
500748,1019,2026,2,2025-12-30,2026-01-05,completed
500749,1023,2026,2,2025-12-29,2026-01-05,completed
500750,1026,2026,2,2025-12-29,2026-01-05,completed
500751,1028,2026,2,2025-12-30,2026-01-05,completed
500752,1029,2026,2,2025-12-27,2026-01-05,completed
500753,1030,2026,2,2025-12-28,2026-01-05,completed
500754,1031,2026,2,2025-12-27,2026-01-05,completed
500755,1032,2026,2,2025-12-28,2026-01-05,completed
500756,1033,2026,2,2025-12-30,2026-01-05,completed
500757,1035,2026,2,2025-12-28,2026-01-05,completed
500758,1037,2026,2,2025-12-29,2026-01-05,completed
500759,1038,2026,2,2025-12-30,2026-01-05,completed
500760,1039,2026,2,2025-12-30,2026-01-05,cancelled
500761,1041,2026,2,2025-12-29,2026-01-05,completed
500762,1043,2026,2,2025-12-29,2026-01-05,completed
500763,1044,2026,2,2025-12-28,2026-01-05,completed
500764,1045,2026,2,2025-12-30,2026-01-05,completed
500765,1049,2026,2,2025-12-29,2026-01-05,completed
500766,1050,2026,2,2025-12-29,2026-01-05,completed
500767,1052,2026,2,2025-12-29,2026-01-05,completed
500768,1053,2026,2,2025-12-28,2026-01-05,completed
500769,1054,2026,2,2025-12-29,2026-01-05,completed
500770,1055,2026,2,2025-12-27,2026-01-05,completed
500771,1056,2026,2,2025-12-29,2026-01-05,completed
500772,1058,2026,2,2025-12-27,2026-01-05,completed
500773,1059,2026,2,2025-12-28,2026-01-05,completed
500774,1060,2026,2,2025-12-27,2026-01-05,completed
500775,1061,2026,2,2025-12-29,2026-01-05,completed
500776,1062,2026,2,2025-12-27,2026-01-05,completed
500777,1063,2026,2,2025-12-30,2026-01-05,completed
500778,1064,2026,2,2025-12-30,2026-01-05,completed
500779,1065,2026,2,2025-12-27,2026-01-05,completed
500780,1068,2026,2,2025-12-28,2026-01-05,completed
500781,1069,2026,2,2025-12-27,2026-01-05,completed
500782,1070,2026,2,2025-12-28,2026-01-05,completed
500783,1071,2026,2,2025-12-29,2026-01-05,completed
500784,1072,2026,2,2025-12-29,2026-01-05,completed
500785,1078,2026,2,2025-12-27,2026-01-05,completed
500786,1079,2026,2,2025-12-30,2026-01-05,completed
500787,1080,2026,2,2025-12-27,2026-01-05,completed
500788,1082,2026,2,2025-12-28,2026-01-05,completed
500789,1084,2026,2,2025-12-29,2026-01-05,completed
500790,1085,2026,2,2025-12-29,2026-01-05,completed
500791,1086,2026,2,2025-12-30,2026-01-05,completed
500792,1087,2026,2,2025-12-29,2026-01-05,completed
500793,1089,2026,2,2025-12-30,2026-01-05,completed
500794,1090,2026,2,2025-12-28,2026-01-05,cancelled
500795,1092,2026,2,2025-12-30,2026-01-05,completed
500796,1099,2026,2,2025-12-28,2026-01-05,completed
500797,1101,2026,2,2025-12-27,2026-01-05,completed
500798,1102,2026,2,2025-12-30,2026-01-05,completed
500799,1103,2026,2,2025-12-29,2026-01-05,completed
500800,1104,2026,2,2025-12-28,2026-01-05,completed
500801,1105,2026,2,2025-12-27,2026-01-05,completed
500802,1109,2026,2,2025-12-28,2026-01-05,completed
500803,1111,2026,2,2025-12-27,2026-01-05,completed
500804,1112,2026,2,2025-12-30,2026-01-05,completed
500805,1113,2026,2,2025-12-30,2026-01-05,completed
500806,1114,2026,2,2025-12-30,2026-01-05,completed
500807,1115,2026,2,2025-12-29,2026-01-05,completed
500808,1116,2026,2,2025-12-27,2026-01-05,completed
500809,1117,2026,2,2025-12-29,2026-01-05,completed
500810,1119,2026,2,2025-12-27,2026-01-05,failed
500811,1122,2026,2,2025-12-30,2026-01-05,completed
500812,1124,2026,2,2025-12-27,2026-01-05,completed
500813,1126,2026,2,2025-12-28,2026-01-05,completed
500814,1128,2026,2,2025-12-28,2026-01-05,completed
500815,1130,2026,2,2025-12-27,2026-01-05,cancelled
500816,1132,2026,2,2025-12-27,2026-01-05,completed
500817,1133,2026,2,2025-12-27,2026-01-05,completed
500818,1134,2026,2,2025-12-30,2026-01-05,completed
500819,1135,2026,2,2025-12-30,2026-01-05,completed
500820,1136,2026,2,2025-12-27,2026-01-05,completed
500821,1137,2026,2,2025-12-28,2026-01-05,cancelled
500822,1140,2026,2,2025-12-27,2026-01-05,completed
500823,1141,2026,2,2025-12-28,2026-01-05,completed
500824,1145,2026,2,2025-12-28,2026-01-05,completed
500825,1146,2026,2,2025-12-28,2026-01-05,completed
500826,1147,2026,2,2025-12-30,2026-01-05,completed
500827,1149,2026,2,2025-12-30,2026-01-05,completed
500828,1150,2026,2,2025-12-27,2026-01-05,completed
500829,1152,2026,2,2025-12-27,2026-01-05,completed
500830,1153,2026,2,2025-12-27,2026-01-05,completed
500831,1154,2026,2,2025-12-27,2026-01-05,completed
500832,1155,2026,2,2025-12-30,2026-01-05,completed
500833,1159,2026,2,2025-12-28,2026-01-05,completed
500834,1160,2026,2,2025-12-29,2026-01-05,completed
500835,1161,2026,2,2025-12-27,2026-01-05,completed
500836,1162,2026,2,2025-12-29,2026-01-05,completed
500837,1164,2026,2,2025-12-30,2026-01-05,completed
500838,1165,2026,2,2025-12-27,2026-01-05,completed
500839,1167,2026,2,2025-12-28,2026-01-05,completed
500840,1169,2026,2,2025-12-29,2026-01-05,completed
500841,1170,2026,2,2025-12-29,2026-01-05,completed
500842,1171,2026,2,2025-12-30,2026-01-05,completed
500843,1172,2026,2,2025-12-30,2026-01-05,completed
500844,1173,2026,2,2025-12-28,2026-01-05,completed
500845,1174,2026,2,2025-12-30,2026-01-05,completed
500846,1175,2026,2,2025-12-27,2026-01-05,completed
500847,1176,2026,2,2025-12-28,2026-01-05,completed
500848,1178,2026,2,2025-12-30,2026-01-05,completed
500849,1180,2026,2,2025-12-29,2026-01-05,completed
500850,1182,2026,2,2025-12-28,2026-01-05,completed
500851,1183,2026,2,2025-12-29,2026-01-05,completed
500852,1185,2026,2,2025-12-30,2026-01-05,completed
500853,1186,2026,2,2025-12-29,2026-01-05,completed
500854,1188,2026,2,2025-12-27,2026-01-05,completed
500855,1192,2026,2,2025-12-29,2026-01-05,completed
500856,1194,2026,2,2025-12-29,2026-01-05,completed
500857,1195,2026,2,2025-12-27,2026-01-05,cancelled
500858,1197,2026,2,2025-12-28,2026-01-05,completed
500859,1199,2026,2,2025-12-29,2026-01-05,completed
500860,1200,2026,2,2025-12-28,2026-01-05,completed
500861,1201,2026,2,2025-12-28,2026-01-05,completed
500862,1202,2026,2,2025-12-30,2026-01-05,cancelled
500863,1204,2026,2,2025-12-30,2026-01-05,completed
500864,1205,2026,2,2025-12-30,2026-01-05,completed
500865,1207,2026,2,2025-12-28,2026-01-05,failed
500866,1209,2026,2,2025-12-27,2026-01-05,completed
500867,1210,2026,2,2025-12-30,2026-01-05,completed
500868,1211,2026,2,2025-12-27,2026-01-05,completed
500869,1212,2026,2,2025-12-27,2026-01-05,completed
500870,1213,2026,2,2025-12-29,2026-01-05,completed
500871,1219,2026,2,2025-12-29,2026-01-05,completed
500872,1220,2026,2,2025-12-27,2026-01-05,completed
500873,1003,2026,3,2026-01-04,2026-01-12,completed
500874,1005,2026,3,2026-01-03,2026-01-12,completed
500875,1007,2026,3,2026-01-03,2026-01-12,completed
500876,1008,2026,3,2026-01-06,2026-01-12,completed
500877,1011,2026,3,2026-01-06,2026-01-12,completed
500878,1012,2026,3,2026-01-05,2026-01-12,completed
500879,1013,2026,3,2026-01-05,2026-01-12,completed
500880,1016,2026,3,2026-01-04,2026-01-12,completed
500881,1018,2026,3,2026-01-03,2026-01-12,completed
500882,1019,2026,3,2026-01-04,2026-01-12,completed
500883,1020,2026,3,2026-01-03,2026-01-12,completed
500884,1021,2026,3,2026-01-05,2026-01-12,completed
500885,1024,2026,3,2026-01-05,2026-01-12,completed
500886,1025,2026,3,2026-01-05,2026-01-12,completed
500887,1027,2026,3,2026-01-06,2026-01-12,completed
500888,1029,2026,3,2026-01-05,2026-01-12,completed
500889,1031,2026,3,2026-01-06,2026-01-12,completed
500890,1032,2026,3,2026-01-03,2026-01-12,completed
500891,1033,2026,3,2026-01-03,2026-01-12,completed
500892,1035,2026,3,2026-01-06,2026-01-12,completed
500893,1036,2026,3,2026-01-04,2026-01-12,completed
500894,1037,2026,3,2026-01-04,2026-01-12,completed
500895,1042,2026,3,2026-01-06,2026-01-12,completed
500896,1044,2026,3,2026-01-03,2026-01-12,failed
500897,1049,2026,3,2026-01-03,2026-01-12,completed
500898,1051,2026,3,2026-01-04,2026-01-12,completed
500899,1052,2026,3,2026-01-05,2026-01-12,completed
500900,1053,2026,3,2026-01-03,2026-01-12,completed
500901,1054,2026,3,2026-01-06,2026-01-12,completed
500902,1055,2026,3,2026-01-04,2026-01-12,completed
500903,1058,2026,3,2026-01-05,2026-01-12,completed
500904,1059,2026,3,2026-01-05,2026-01-12,completed
500905,1063,2026,3,2026-01-05,2026-01-12,completed
500906,1064,2026,3,2026-01-03,2026-01-12,cancelled
500907,1067,2026,3,2026-01-03,2026-01-12,completed
500908,1068,2026,3,2026-01-06,2026-01-12,completed
500909,1069,2026,3,2026-01-05,2026-01-12,cancelled
500910,1072,2026,3,2026-01-03,2026-01-12,completed
500911,1074,2026,3,2026-01-06,2026-01-12,completed
500912,1075,2026,3,2026-01-05,2026-01-12,completed
500913,1076,2026,3,2026-01-03,2026-01-12,completed
500914,1077,2026,3,2026-01-06,2026-01-12,completed
500915,1078,2026,3,2026-01-06,2026-01-12,completed
500916,1081,2026,3,2026-01-03,2026-01-12,completed
500917,1083,2026,3,2026-01-04,2026-01-12,completed
500918,1084,2026,3,2026-01-03,2026-01-12,completed
500919,1085,2026,3,2026-01-03,2026-01-12,completed
500920,1089,2026,3,2026-01-05,2026-01-12,completed
500921,1090,2026,3,2026-01-05,2026-01-12,completed
500922,1093,2026,3,2026-01-03,2026-01-12,failed
500923,1094,2026,3,2026-01-04,2026-01-12,completed
500924,1096,2026,3,2026-01-06,2026-01-12,completed
500925,1101,2026,3,2026-01-03,2026-01-12,completed
500926,1102,2026,3,2026-01-03,2026-01-12,completed
500927,1105,2026,3,2026-01-05,2026-01-12,completed
500928,1106,2026,3,2026-01-06,2026-01-12,completed
500929,1108,2026,3,2026-01-03,2026-01-12,completed
500930,1110,2026,3,2026-01-04,2026-01-12,completed
500931,1111,2026,3,2026-01-05,2026-01-12,completed
500932,1115,2026,3,2026-01-03,2026-01-12,completed
500933,1116,2026,3,2026-01-06,2026-01-12,completed
500934,1118,2026,3,2026-01-05,2026-01-12,completed
500935,1120,2026,3,2026-01-04,2026-01-12,completed
500936,1122,2026,3,2026-01-05,2026-01-12,completed
500937,1123,2026,3,2026-01-06,2026-01-12,completed
500938,1124,2026,3,2026-01-06,2026-01-12,completed
500939,1125,2026,3,2026-01-03,2026-01-12,completed
500940,1126,2026,3,2026-01-06,2026-01-12,completed
500941,1127,2026,3,2026-01-03,2026-01-12,completed
500942,1128,2026,3,2026-01-05,2026-01-12,completed
500943,1129,2026,3,2026-01-04,2026-01-12,completed
500944,1130,2026,3,2026-01-04,2026-01-12,completed
500945,1132,2026,3,2026-01-05,2026-01-12,completed
500946,1134,2026,3,2026-01-06,2026-01-12,completed
500947,1136,2026,3,2026-01-04,2026-01-12,completed
500948,1137,2026,3,2026-01-06,2026-01-12,completed
500949,1138,2026,3,2026-01-06,2026-01-12,completed
500950,1139,2026,3,2026-01-05,2026-01-12,completed
500951,1141,2026,3,2026-01-06,2026-01-12,completed
500952,1142,2026,3,2026-01-05,2026-01-12,completed
500953,1143,2026,3,2026-01-03,2026-01-12,completed
500954,1145,2026,3,2026-01-04,2026-01-12,completed
500955,1146,2026,3,2026-01-05,2026-01-12,completed
500956,1148,2026,3,2026-01-03,2026-01-12,completed
500957,1149,2026,3,2026-01-06,2026-01-12,completed
500958,1150,2026,3,2026-01-04,2026-01-12,completed
500959,1152,2026,3,2026-01-05,2026-01-12,cancelled
500960,1153,2026,3,2026-01-03,2026-01-12,completed
500961,1154,2026,3,2026-01-05,2026-01-12,completed
500962,1155,2026,3,2026-01-05,2026-01-12,completed
500963,1156,2026,3,2026-01-05,2026-01-12,completed
500964,1159,2026,3,2026-01-04,2026-01-12,completed
500965,1161,2026,3,2026-01-05,2026-01-12,completed
500966,1162,2026,3,2026-01-05,2026-01-12,completed
500967,1164,2026,3,2026-01-05,2026-01-12,completed
500968,1165,2026,3,2026-01-05,2026-01-12,cancelled
500969,1166,2026,3,2026-01-06,2026-01-12,cancelled
500970,1167,2026,3,2026-01-06,2026-01-12,completed
500971,1168,2026,3,2026-01-03,2026-01-12,completed
500972,1169,2026,3,2026-01-05,2026-01-12,completed
500973,1170,2026,3,2026-01-03,2026-01-12,completed
500974,1171,2026,3,2026-01-03,2026-01-12,completed
500975,1172,2026,3,2026-01-03,2026-01-12,completed
500976,1173,2026,3,2026-01-06,2026-01-12,completed
500977,1176,2026,3,2026-01-06,2026-01-12,completed
500978,1177,2026,3,2026-01-06,2026-01-12,completed
500979,1178,2026,3,2026-01-03,2026-01-12,completed
500980,1180,2026,3,2026-01-05,2026-01-12,completed
500981,1181,2026,3,2026-01-05,2026-01-12,completed
500982,1182,2026,3,2026-01-04,2026-01-12,completed
500983,1183,2026,3,2026-01-04,2026-01-12,completed
500984,1184,2026,3,2026-01-04,2026-01-12,completed
500985,1185,2026,3,2026-01-06,2026-01-12,completed
500986,1187,2026,3,2026-01-03,2026-01-12,completed
500987,1188,2026,3,2026-01-05,2026-01-12,completed
500988,1189,2026,3,2026-01-06,2026-01-12,completed
500989,1191,2026,3,2026-01-03,2026-01-12,completed
500990,1192,2026,3,2026-01-04,2026-01-12,completed
500991,1193,2026,3,2026-01-03,2026-01-12,completed
500992,1194,2026,3,2026-01-06,2026-01-12,failed
500993,1195,2026,3,2026-01-05,2026-01-12,completed
500994,1199,2026,3,2026-01-04,2026-01-12,completed
500995,1200,2026,3,2026-01-05,2026-01-12,completed
500996,1201,2026,3,2026-01-03,2026-01-12,completed
500997,1204,2026,3,2026-01-05,2026-01-12,completed
500998,1205,2026,3,2026-01-06,2026-01-12,completed
500999,1206,2026,3,2026-01-03,2026-01-12,completed
501000,1207,2026,3,2026-01-06,2026-01-12,completed
501001,1208,2026,3,2026-01-06,2026-01-12,completed
501002,1209,2026,3,2026-01-05,2026-01-12,completed
501003,1210,2026,3,2026-01-05,2026-01-12,completed
501004,1212,2026,3,2026-01-03,2026-01-12,completed
501005,1213,2026,3,2026-01-05,2026-01-12,completed
501006,1215,2026,3,2026-01-03,2026-01-12,completed
501007,1216,2026,3,2026-01-04,2026-01-12,completed
501008,1217,2026,3,2026-01-03,2026-01-12,completed
501009,1219,2026,3,2026-01-05,2026-01-12,cancelled
501010,1220,2026,3,2026-01-05,2026-01-12,completed
501011,1001,2026,4,2026-01-13,2026-01-19,failed
501012,1003,2026,4,2026-01-11,2026-01-19,completed
501013,1004,2026,4,2026-01-12,2026-01-19,completed
501014,1005,2026,4,2026-01-13,2026-01-19,completed
501015,1006,2026,4,2026-01-13,2026-01-19,completed
501016,1007,2026,4,2026-01-11,2026-01-19,completed
501017,1008,2026,4,2026-01-10,2026-01-19,completed
501018,1009,2026,4,2026-01-10,2026-01-19,completed
501019,1011,2026,4,2026-01-11,2026-01-19,completed
501020,1014,2026,4,2026-01-11,2026-01-19,completed
501021,1017,2026,4,2026-01-12,2026-01-19,completed
501022,1018,2026,4,2026-01-13,2026-01-19,completed
501023,1019,2026,4,2026-01-10,2026-01-19,completed
501024,1023,2026,4,2026-01-11,2026-01-19,completed
501025,1024,2026,4,2026-01-10,2026-01-19,completed
501026,1025,2026,4,2026-01-13,2026-01-19,completed
501027,1026,2026,4,2026-01-13,2026-01-19,completed
501028,1027,2026,4,2026-01-10,2026-01-19,completed
501029,1028,2026,4,2026-01-11,2026-01-19,completed
501030,1031,2026,4,2026-01-13,2026-01-19,completed
501031,1033,2026,4,2026-01-13,2026-01-19,completed
501032,1034,2026,4,2026-01-10,2026-01-19,completed
501033,1035,2026,4,2026-01-12,2026-01-19,completed
501034,1037,2026,4,2026-01-10,2026-01-19,completed
501035,1042,2026,4,2026-01-12,2026-01-19,completed
501036,1044,2026,4,2026-01-13,2026-01-19,completed
501037,1045,2026,4,2026-01-12,2026-01-19,completed
501038,1047,2026,4,2026-01-10,2026-01-19,completed
501039,1048,2026,4,2026-01-10,2026-01-19,completed
501040,1051,2026,4,2026-01-13,2026-01-19,cancelled
501041,1052,2026,4,2026-01-10,2026-01-19,completed
501042,1053,2026,4,2026-01-12,2026-01-19,completed
501043,1055,2026,4,2026-01-12,2026-01-19,completed
501044,1056,2026,4,2026-01-11,2026-01-19,completed
501045,1057,2026,4,2026-01-12,2026-01-19,cancelled
501046,1058,2026,4,2026-01-10,2026-01-19,completed
501047,1059,2026,4,2026-01-12,2026-01-19,completed
501048,1060,2026,4,2026-01-12,2026-01-19,completed
501049,1061,2026,4,2026-01-11,2026-01-19,cancelled
501050,1062,2026,4,2026-01-10,2026-01-19,cancelled
501051,1065,2026,4,2026-01-13,2026-01-19,completed
501052,1066,2026,4,2026-01-11,2026-01-19,completed
501053,1068,2026,4,2026-01-11,2026-01-19,completed
501054,1069,2026,4,2026-01-12,2026-01-19,completed
501055,1070,2026,4,2026-01-13,2026-01-19,completed
501056,1071,2026,4,2026-01-11,2026-01-19,completed
501057,1072,2026,4,2026-01-12,2026-01-19,completed
501058,1073,2026,4,2026-01-11,2026-01-19,completed
501059,1074,2026,4,2026-01-13,2026-01-19,completed
501060,1076,2026,4,2026-01-10,2026-01-19,completed
501061,1077,2026,4,2026-01-12,2026-01-19,completed
501062,1078,2026,4,2026-01-11,2026-01-19,completed
501063,1079,2026,4,2026-01-11,2026-01-19,completed
501064,1081,2026,4,2026-01-10,2026-01-19,completed
501065,1082,2026,4,2026-01-10,2026-01-19,completed
501066,1084,2026,4,2026-01-13,2026-01-19,completed
501067,1085,2026,4,2026-01-11,2026-01-19,cancelled
501068,1087,2026,4,2026-01-10,2026-01-19,completed
501069,1088,2026,4,2026-01-13,2026-01-19,completed
501070,1089,2026,4,2026-01-12,2026-01-19,completed
501071,1090,2026,4,2026-01-13,2026-01-19,completed
501072,1092,2026,4,2026-01-12,2026-01-19,completed
501073,1093,2026,4,2026-01-10,2026-01-19,completed
501074,1094,2026,4,2026-01-11,2026-01-19,completed
501075,1095,2026,4,2026-01-10,2026-01-19,completed
501076,1097,2026,4,2026-01-13,2026-01-19,completed
501077,1098,2026,4,2026-01-10,2026-01-19,completed
501078,1099,2026,4,2026-01-10,2026-01-19,completed
501079,1100,2026,4,2026-01-10,2026-01-19,completed
501080,1102,2026,4,2026-01-13,2026-01-19,completed
501081,1103,2026,4,2026-01-10,2026-01-19,failed
501082,1104,2026,4,2026-01-10,2026-01-19,completed
501083,1105,2026,4,2026-01-11,2026-01-19,completed
501084,1106,2026,4,2026-01-11,2026-01-19,completed
501085,1107,2026,4,2026-01-10,2026-01-19,completed
501086,1108,2026,4,2026-01-13,2026-01-19,completed
501087,1109,2026,4,2026-01-12,2026-01-19,completed
501088,1110,2026,4,2026-01-13,2026-01-19,completed
501089,1112,2026,4,2026-01-11,2026-01-19,completed
501090,1114,2026,4,2026-01-11,2026-01-19,completed
501091,1116,2026,4,2026-01-11,2026-01-19,completed
501092,1120,2026,4,2026-01-11,2026-01-19,completed
501093,1121,2026,4,2026-01-10,2026-01-19,completed
501094,1122,2026,4,2026-01-13,2026-01-19,completed
501095,1123,2026,4,2026-01-10,2026-01-19,completed
501096,1125,2026,4,2026-01-11,2026-01-19,completed
501097,1126,2026,4,2026-01-11,2026-01-19,cancelled
501098,1127,2026,4,2026-01-10,2026-01-19,failed
501099,1129,2026,4,2026-01-13,2026-01-19,failed
501100,1130,2026,4,2026-01-13,2026-01-19,completed
501101,1131,2026,4,2026-01-12,2026-01-19,completed
501102,1133,2026,4,2026-01-12,2026-01-19,completed
501103,1134,2026,4,2026-01-10,2026-01-19,completed
501104,1135,2026,4,2026-01-13,2026-01-19,completed
501105,1136,2026,4,2026-01-11,2026-01-19,completed
501106,1137,2026,4,2026-01-13,2026-01-19,completed
501107,1139,2026,4,2026-01-13,2026-01-19,completed
501108,1142,2026,4,2026-01-11,2026-01-19,completed
501109,1143,2026,4,2026-01-10,2026-01-19,completed
501110,1144,2026,4,2026-01-10,2026-01-19,completed
501111,1146,2026,4,2026-01-13,2026-01-19,completed
501112,1147,2026,4,2026-01-11,2026-01-19,completed
501113,1149,2026,4,2026-01-13,2026-01-19,completed
501114,1150,2026,4,2026-01-10,2026-01-19,completed
501115,1151,2026,4,2026-01-13,2026-01-19,completed
501116,1153,2026,4,2026-01-12,2026-01-19,completed
501117,1155,2026,4,2026-01-12,2026-01-19,completed
501118,1156,2026,4,2026-01-11,2026-01-19,completed
501119,1157,2026,4,2026-01-10,2026-01-19,completed
501120,1159,2026,4,2026-01-11,2026-01-19,completed
501121,1160,2026,4,2026-01-10,2026-01-19,completed
501122,1161,2026,4,2026-01-10,2026-01-19,completed
501123,1162,2026,4,2026-01-10,2026-01-19,completed
501124,1164,2026,4,2026-01-10,2026-01-19,completed
501125,1165,2026,4,2026-01-13,2026-01-19,completed
501126,1166,2026,4,2026-01-12,2026-01-19,completed
501127,1167,2026,4,2026-01-13,2026-01-19,completed
501128,1168,2026,4,2026-01-11,2026-01-19,completed
501129,1170,2026,4,2026-01-12,2026-01-19,completed
501130,1171,2026,4,2026-01-13,2026-01-19,completed
501131,1172,2026,4,2026-01-13,2026-01-19,completed
501132,1173,2026,4,2026-01-10,2026-01-19,completed
501133,1175,2026,4,2026-01-10,2026-01-19,completed
501134,1177,2026,4,2026-01-11,2026-01-19,completed
501135,1179,2026,4,2026-01-10,2026-01-19,completed
501136,1180,2026,4,2026-01-12,2026-01-19,completed
501137,1181,2026,4,2026-01-10,2026-01-19,completed
501138,1183,2026,4,2026-01-12,2026-01-19,completed
501139,1185,2026,4,2026-01-10,2026-01-19,completed
501140,1186,2026,4,2026-01-10,2026-01-19,completed
501141,1187,2026,4,2026-01-13,2026-01-19,completed
501142,1189,2026,4,2026-01-11,2026-01-19,completed
501143,1192,2026,4,2026-01-11,2026-01-19,completed
501144,1194,2026,4,2026-01-10,2026-01-19,failed
501145,1195,2026,4,2026-01-11,2026-01-19,completed
501146,1196,2026,4,2026-01-10,2026-01-19,completed
501147,1197,2026,4,2026-01-10,2026-01-19,completed
501148,1202,2026,4,2026-01-13,2026-01-19,completed
501149,1203,2026,4,2026-01-13,2026-01-19,completed
501150,1204,2026,4,2026-01-11,2026-01-19,completed
501151,1205,2026,4,2026-01-13,2026-01-19,cancelled
501152,1207,2026,4,2026-01-11,2026-01-19,completed
501153,1211,2026,4,2026-01-11,2026-01-19,completed
501154,1212,2026,4,2026-01-11,2026-01-19,completed
501155,1213,2026,4,2026-01-10,2026-01-19,completed
501156,1214,2026,4,2026-01-11,2026-01-19,completed
501157,1215,2026,4,2026-01-11,2026-01-19,completed
501158,1217,2026,4,2026-01-10,2026-01-19,completed
501159,1218,2026,4,2026-01-13,2026-01-19,completed
501160,1219,2026,4,2026-01-13,2026-01-19,completed
501161,1001,2026,5,2026-01-19,2026-01-26,completed
501162,1002,2026,5,2026-01-17,2026-01-26,completed
501163,1004,2026,5,2026-01-18,2026-01-26,completed
501164,1006,2026,5,2026-01-18,2026-01-26,completed
501165,1008,2026,5,2026-01-18,2026-01-26,completed
501166,1010,2026,5,2026-01-20,2026-01-26,completed
501167,1011,2026,5,2026-01-19,2026-01-26,completed
501168,1012,2026,5,2026-01-20,2026-01-26,completed
501169,1013,2026,5,2026-01-19,2026-01-26,completed
501170,1014,2026,5,2026-01-19,2026-01-26,completed
501171,1019,2026,5,2026-01-17,2026-01-26,completed
501172,1021,2026,5,2026-01-18,2026-01-26,completed
501173,1022,2026,5,2026-01-17,2026-01-26,completed
501174,1023,2026,5,2026-01-19,2026-01-26,completed
501175,1024,2026,5,2026-01-18,2026-01-26,completed
501176,1030,2026,5,2026-01-20,2026-01-26,completed
501177,1031,2026,5,2026-01-19,2026-01-26,completed
501178,1032,2026,5,2026-01-18,2026-01-26,completed
501179,1033,2026,5,2026-01-18,2026-01-26,completed
501180,1035,2026,5,2026-01-18,2026-01-26,completed
501181,1036,2026,5,2026-01-18,2026-01-26,completed
501182,1038,2026,5,2026-01-18,2026-01-26,completed
501183,1041,2026,5,2026-01-18,2026-01-26,completed
501184,1043,2026,5,2026-01-17,2026-01-26,completed
501185,1044,2026,5,2026-01-18,2026-01-26,completed
501186,1046,2026,5,2026-01-19,2026-01-26,completed
501187,1047,2026,5,2026-01-20,2026-01-26,failed
501188,1048,2026,5,2026-01-20,2026-01-26,completed
501189,1049,2026,5,2026-01-19,2026-01-26,completed
501190,1051,2026,5,2026-01-17,2026-01-26,completed
501191,1052,2026,5,2026-01-19,2026-01-26,completed
501192,1054,2026,5,2026-01-17,2026-01-26,completed
501193,1055,2026,5,2026-01-19,2026-01-26,completed
501194,1056,2026,5,2026-01-20,2026-01-26,completed
501195,1058,2026,5,2026-01-20,2026-01-26,completed
501196,1059,2026,5,2026-01-18,2026-01-26,completed
501197,1060,2026,5,2026-01-17,2026-01-26,completed
501198,1061,2026,5,2026-01-17,2026-01-26,completed
501199,1062,2026,5,2026-01-18,2026-01-26,completed
501200,1063,2026,5,2026-01-18,2026-01-26,completed
501201,1064,2026,5,2026-01-17,2026-01-26,completed
501202,1065,2026,5,2026-01-17,2026-01-26,completed
501203,1068,2026,5,2026-01-18,2026-01-26,completed
501204,1069,2026,5,2026-01-18,2026-01-26,completed
501205,1072,2026,5,2026-01-18,2026-01-26,completed
501206,1075,2026,5,2026-01-20,2026-01-26,completed
501207,1076,2026,5,2026-01-18,2026-01-26,completed
501208,1077,2026,5,2026-01-20,2026-01-26,completed
501209,1078,2026,5,2026-01-19,2026-01-26,completed
501210,1079,2026,5,2026-01-18,2026-01-26,completed
501211,1081,2026,5,2026-01-19,2026-01-26,completed
501212,1083,2026,5,2026-01-20,2026-01-26,completed
501213,1084,2026,5,2026-01-19,2026-01-26,completed
501214,1085,2026,5,2026-01-20,2026-01-26,completed
501215,1086,2026,5,2026-01-18,2026-01-26,completed
501216,1087,2026,5,2026-01-18,2026-01-26,completed
501217,1090,2026,5,2026-01-17,2026-01-26,completed
501218,1091,2026,5,2026-01-19,2026-01-26,completed
501219,1093,2026,5,2026-01-17,2026-01-26,completed
501220,1094,2026,5,2026-01-19,2026-01-26,completed
501221,1096,2026,5,2026-01-19,2026-01-26,completed
501222,1097,2026,5,2026-01-18,2026-01-26,completed
501223,1098,2026,5,2026-01-20,2026-01-26,completed
501224,1101,2026,5,2026-01-20,2026-01-26,completed
501225,1102,2026,5,2026-01-17,2026-01-26,completed
501226,1103,2026,5,2026-01-20,2026-01-26,completed
501227,1104,2026,5,2026-01-20,2026-01-26,completed
501228,1105,2026,5,2026-01-18,2026-01-26,completed
501229,1107,2026,5,2026-01-18,2026-01-26,completed
501230,1108,2026,5,2026-01-20,2026-01-26,completed
501231,1109,2026,5,2026-01-18,2026-01-26,completed
501232,1111,2026,5,2026-01-17,2026-01-26,cancelled
501233,1113,2026,5,2026-01-17,2026-01-26,completed
501234,1114,2026,5,2026-01-19,2026-01-26,completed
501235,1115,2026,5,2026-01-19,2026-01-26,completed
501236,1117,2026,5,2026-01-19,2026-01-26,failed
501237,1118,2026,5,2026-01-17,2026-01-26,completed
501238,1119,2026,5,2026-01-18,2026-01-26,completed
501239,1120,2026,5,2026-01-18,2026-01-26,completed
501240,1122,2026,5,2026-01-18,2026-01-26,completed
501241,1123,2026,5,2026-01-19,2026-01-26,completed
501242,1124,2026,5,2026-01-20,2026-01-26,completed
501243,1125,2026,5,2026-01-20,2026-01-26,cancelled
501244,1126,2026,5,2026-01-20,2026-01-26,completed
501245,1127,2026,5,2026-01-18,2026-01-26,completed
501246,1128,2026,5,2026-01-18,2026-01-26,completed
501247,1132,2026,5,2026-01-20,2026-01-26,completed
501248,1133,2026,5,2026-01-20,2026-01-26,completed
501249,1135,2026,5,2026-01-19,2026-01-26,completed
501250,1136,2026,5,2026-01-19,2026-01-26,completed
501251,1137,2026,5,2026-01-18,2026-01-26,completed
501252,1138,2026,5,2026-01-20,2026-01-26,completed
501253,1139,2026,5,2026-01-18,2026-01-26,completed
501254,1141,2026,5,2026-01-18,2026-01-26,cancelled
501255,1143,2026,5,2026-01-18,2026-01-26,cancelled
501256,1144,2026,5,2026-01-18,2026-01-26,completed
501257,1147,2026,5,2026-01-18,2026-01-26,completed
501258,1149,2026,5,2026-01-18,2026-01-26,completed
501259,1150,2026,5,2026-01-20,2026-01-26,completed
501260,1151,2026,5,2026-01-17,2026-01-26,completed
501261,1153,2026,5,2026-01-20,2026-01-26,completed
501262,1155,2026,5,2026-01-18,2026-01-26,completed
501263,1156,2026,5,2026-01-17,2026-01-26,completed
501264,1159,2026,5,2026-01-19,2026-01-26,completed
501265,1160,2026,5,2026-01-20,2026-01-26,cancelled
501266,1162,2026,5,2026-01-18,2026-01-26,completed
501267,1163,2026,5,2026-01-17,2026-01-26,completed
501268,1164,2026,5,2026-01-20,2026-01-26,completed
501269,1165,2026,5,2026-01-18,2026-01-26,cancelled
501270,1167,2026,5,2026-01-17,2026-01-26,completed
501271,1168,2026,5,2026-01-20,2026-01-26,completed
501272,1169,2026,5,2026-01-19,2026-01-26,completed
501273,1170,2026,5,2026-01-18,2026-01-26,completed
501274,1171,2026,5,2026-01-17,2026-01-26,completed
501275,1172,2026,5,2026-01-20,2026-01-26,completed
501276,1174,2026,5,2026-01-18,2026-01-26,completed
501277,1175,2026,5,2026-01-18,2026-01-26,completed
501278,1178,2026,5,2026-01-17,2026-01-26,completed
501279,1179,2026,5,2026-01-17,2026-01-26,completed
501280,1180,2026,5,2026-01-18,2026-01-26,cancelled
501281,1182,2026,5,2026-01-20,2026-01-26,completed
501282,1183,2026,5,2026-01-20,2026-01-26,completed
501283,1186,2026,5,2026-01-18,2026-01-26,completed
501284,1187,2026,5,2026-01-17,2026-01-26,completed
501285,1189,2026,5,2026-01-20,2026-01-26,completed
501286,1194,2026,5,2026-01-19,2026-01-26,completed
501287,1195,2026,5,2026-01-20,2026-01-26,failed
501288,1196,2026,5,2026-01-17,2026-01-26,completed
501289,1198,2026,5,2026-01-19,2026-01-26,cancelled
501290,1199,2026,5,2026-01-17,2026-01-26,completed
501291,1204,2026,5,2026-01-20,2026-01-26,completed
501292,1205,2026,5,2026-01-19,2026-01-26,completed
501293,1206,2026,5,2026-01-17,2026-01-26,completed
501294,1208,2026,5,2026-01-20,2026-01-26,completed
501295,1209,2026,5,2026-01-17,2026-01-26,completed
501296,1211,2026,5,2026-01-20,2026-01-26,completed
501297,1212,2026,5,2026-01-20,2026-01-26,completed
501298,1213,2026,5,2026-01-17,2026-01-26,completed
501299,1214,2026,5,2026-01-17,2026-01-26,completed
501300,1215,2026,5,2026-01-19,2026-01-26,cancelled
501301,1216,2026,5,2026-01-20,2026-01-26,completed
501302,1217,2026,5,2026-01-19,2026-01-26,completed
501303,1218,2026,5,2026-01-18,2026-01-26,failed
501304,1219,2026,5,2026-01-19,2026-01-26,completed
501305,1001,2026,6,2026-01-27,2026-02-02,completed
501306,1002,2026,6,2026-01-26,2026-02-02,completed
501307,1005,2026,6,2026-01-24,2026-02-02,completed
501308,1006,2026,6,2026-01-24,2026-02-02,completed
501309,1008,2026,6,2026-01-26,2026-02-02,completed
501310,1011,2026,6,2026-01-27,2026-02-02,completed
501311,1012,2026,6,2026-01-24,2026-02-02,completed
501312,1015,2026,6,2026-01-25,2026-02-02,completed
501313,1017,2026,6,2026-01-27,2026-02-02,completed
501314,1019,2026,6,2026-01-27,2026-02-02,completed
501315,1020,2026,6,2026-01-27,2026-02-02,completed
501316,1021,2026,6,2026-01-25,2026-02-02,completed
501317,1023,2026,6,2026-01-25,2026-02-02,completed
501318,1024,2026,6,2026-01-27,2026-02-02,completed
501319,1025,2026,6,2026-01-25,2026-02-02,completed
501320,1026,2026,6,2026-01-25,2026-02-02,completed
501321,1027,2026,6,2026-01-27,2026-02-02,completed
501322,1028,2026,6,2026-01-26,2026-02-02,completed
501323,1032,2026,6,2026-01-26,2026-02-02,completed
501324,1034,2026,6,2026-01-26,2026-02-02,completed
501325,1035,2026,6,2026-01-24,2026-02-02,completed
501326,1036,2026,6,2026-01-25,2026-02-02,completed
501327,1037,2026,6,2026-01-27,2026-02-02,completed
501328,1038,2026,6,2026-01-25,2026-02-02,completed
501329,1039,2026,6,2026-01-26,2026-02-02,completed
501330,1041,2026,6,2026-01-25,2026-02-02,completed
501331,1042,2026,6,2026-01-26,2026-02-02,completed
501332,1044,2026,6,2026-01-27,2026-02-02,completed
501333,1045,2026,6,2026-01-24,2026-02-02,completed
501334,1046,2026,6,2026-01-26,2026-02-02,completed
501335,1050,2026,6,2026-01-24,2026-02-02,completed
501336,1051,2026,6,2026-01-26,2026-02-02,completed
501337,1052,2026,6,2026-01-27,2026-02-02,completed
501338,1053,2026,6,2026-01-27,2026-02-02,completed
501339,1054,2026,6,2026-01-24,2026-02-02,completed
501340,1056,2026,6,2026-01-27,2026-02-02,completed
501341,1057,2026,6,2026-01-24,2026-02-02,completed
501342,1058,2026,6,2026-01-26,2026-02-02,completed
501343,1059,2026,6,2026-01-25,2026-02-02,completed
501344,1062,2026,6,2026-01-25,2026-02-02,completed
501345,1063,2026,6,2026-01-24,2026-02-02,completed
501346,1064,2026,6,2026-01-26,2026-02-02,completed
501347,1065,2026,6,2026-01-26,2026-02-02,cancelled
501348,1066,2026,6,2026-01-27,2026-02-02,completed
501349,1070,2026,6,2026-01-25,2026-02-02,completed
501350,1071,2026,6,2026-01-24,2026-02-02,completed
501351,1073,2026,6,2026-01-26,2026-02-02,completed
501352,1075,2026,6,2026-01-24,2026-02-02,completed
501353,1076,2026,6,2026-01-24,2026-02-02,completed
501354,1077,2026,6,2026-01-26,2026-02-02,completed
501355,1078,2026,6,2026-01-25,2026-02-02,completed
501356,1079,2026,6,2026-01-27,2026-02-02,completed
501357,1080,2026,6,2026-01-25,2026-02-02,completed
501358,1081,2026,6,2026-01-25,2026-02-02,completed
501359,1082,2026,6,2026-01-24,2026-02-02,cancelled
501360,1084,2026,6,2026-01-24,2026-02-02,completed
501361,1085,2026,6,2026-01-26,2026-02-02,completed
501362,1087,2026,6,2026-01-26,2026-02-02,completed
501363,1088,2026,6,2026-01-25,2026-02-02,completed
501364,1089,2026,6,2026-01-24,2026-02-02,completed
501365,1090,2026,6,2026-01-27,2026-02-02,completed
501366,1091,2026,6,2026-01-27,2026-02-02,completed
501367,1092,2026,6,2026-01-25,2026-02-02,completed
501368,1094,2026,6,2026-01-27,2026-02-02,completed
501369,1096,2026,6,2026-01-26,2026-02-02,completed
501370,1098,2026,6,2026-01-25,2026-02-02,completed
501371,1099,2026,6,2026-01-26,2026-02-02,completed
501372,1100,2026,6,2026-01-26,2026-02-02,cancelled
501373,1101,2026,6,2026-01-24,2026-02-02,completed
501374,1102,2026,6,2026-01-27,2026-02-02,completed
501375,1103,2026,6,2026-01-24,2026-02-02,completed
501376,1104,2026,6,2026-01-27,2026-02-02,completed
501377,1105,2026,6,2026-01-25,2026-02-02,completed
501378,1106,2026,6,2026-01-26,2026-02-02,completed
501379,1107,2026,6,2026-01-27,2026-02-02,completed
501380,1108,2026,6,2026-01-27,2026-02-02,completed
501381,1111,2026,6,2026-01-26,2026-02-02,completed
501382,1114,2026,6,2026-01-27,2026-02-02,completed
501383,1118,2026,6,2026-01-26,2026-02-02,completed
501384,1121,2026,6,2026-01-25,2026-02-02,completed
501385,1123,2026,6,2026-01-27,2026-02-02,completed
501386,1126,2026,6,2026-01-25,2026-02-02,completed
501387,1127,2026,6,2026-01-27,2026-02-02,completed
501388,1129,2026,6,2026-01-27,2026-02-02,failed
501389,1131,2026,6,2026-01-27,2026-02-02,completed
501390,1132,2026,6,2026-01-24,2026-02-02,cancelled
501391,1133,2026,6,2026-01-27,2026-02-02,completed
501392,1134,2026,6,2026-01-25,2026-02-02,completed
501393,1135,2026,6,2026-01-24,2026-02-02,completed
501394,1138,2026,6,2026-01-27,2026-02-02,completed
501395,1139,2026,6,2026-01-25,2026-02-02,completed
501396,1141,2026,6,2026-01-27,2026-02-02,cancelled
501397,1142,2026,6,2026-01-27,2026-02-02,completed
501398,1143,2026,6,2026-01-25,2026-02-02,completed
501399,1145,2026,6,2026-01-24,2026-02-02,completed
501400,1146,2026,6,2026-01-25,2026-02-02,completed
501401,1149,2026,6,2026-01-27,2026-02-02,completed
501402,1150,2026,6,2026-01-24,2026-02-02,completed
501403,1151,2026,6,2026-01-24,2026-02-02,completed
501404,1152,2026,6,2026-01-24,2026-02-02,completed
501405,1153,2026,6,2026-01-25,2026-02-02,completed
501406,1156,2026,6,2026-01-27,2026-02-02,completed
501407,1157,2026,6,2026-01-25,2026-02-02,cancelled
501408,1158,2026,6,2026-01-25,2026-02-02,cancelled
501409,1159,2026,6,2026-01-27,2026-02-02,completed
501410,1160,2026,6,2026-01-27,2026-02-02,completed
501411,1161,2026,6,2026-01-25,2026-02-02,completed
501412,1162,2026,6,2026-01-27,2026-02-02,completed
501413,1165,2026,6,2026-01-26,2026-02-02,completed
501414,1166,2026,6,2026-01-25,2026-02-02,cancelled
501415,1167,2026,6,2026-01-26,2026-02-02,completed
501416,1168,2026,6,2026-01-27,2026-02-02,completed
501417,1169,2026,6,2026-01-24,2026-02-02,completed
501418,1171,2026,6,2026-01-27,2026-02-02,completed
501419,1172,2026,6,2026-01-24,2026-02-02,completed
501420,1174,2026,6,2026-01-25,2026-02-02,completed
501421,1175,2026,6,2026-01-27,2026-02-02,failed
501422,1176,2026,6,2026-01-27,2026-02-02,cancelled
501423,1178,2026,6,2026-01-24,2026-02-02,completed
501424,1180,2026,6,2026-01-27,2026-02-02,completed
501425,1181,2026,6,2026-01-26,2026-02-02,completed
501426,1182,2026,6,2026-01-25,2026-02-02,completed
501427,1184,2026,6,2026-01-27,2026-02-02,completed
501428,1185,2026,6,2026-01-25,2026-02-02,cancelled
501429,1186,2026,6,2026-01-27,2026-02-02,completed
501430,1188,2026,6,2026-01-26,2026-02-02,completed
501431,1189,2026,6,2026-01-25,2026-02-02,completed
501432,1190,2026,6,2026-01-27,2026-02-02,completed
501433,1193,2026,6,2026-01-26,2026-02-02,completed
501434,1195,2026,6,2026-01-25,2026-02-02,completed
501435,1196,2026,6,2026-01-27,2026-02-02,completed
501436,1198,2026,6,2026-01-27,2026-02-02,completed
501437,1200,2026,6,2026-01-27,2026-02-02,completed
501438,1201,2026,6,2026-01-25,2026-02-02,completed
501439,1203,2026,6,2026-01-25,2026-02-02,completed
501440,1205,2026,6,2026-01-24,2026-02-02,completed
501441,1206,2026,6,2026-01-27,2026-02-02,completed
501442,1207,2026,6,2026-01-26,2026-02-02,completed
501443,1208,2026,6,2026-01-25,2026-02-02,completed
501444,1211,2026,6,2026-01-27,2026-02-02,completed
501445,1212,2026,6,2026-01-26,2026-02-02,completed
501446,1215,2026,6,2026-01-24,2026-02-02,completed
501447,1216,2026,6,2026-01-27,2026-02-02,completed
501448,1217,2026,6,2026-01-24,2026-02-02,completed
501449,1219,2026,6,2026-01-27,2026-02-02,completed
501450,1220,2026,6,2026-01-25,2026-02-02,completed
501451,1002,2026,7,2026-02-02,2026-02-09,completed
501452,1003,2026,7,2026-02-01,2026-02-09,completed
501453,1004,2026,7,2026-02-01,2026-02-09,completed
501454,1005,2026,7,2026-02-01,2026-02-09,completed
501455,1006,2026,7,2026-02-03,2026-02-09,completed
501456,1007,2026,7,2026-01-31,2026-02-09,completed
501457,1009,2026,7,2026-01-31,2026-02-09,completed
501458,1010,2026,7,2026-02-02,2026-02-09,completed
501459,1011,2026,7,2026-01-31,2026-02-09,completed
501460,1013,2026,7,2026-01-31,2026-02-09,completed
501461,1014,2026,7,2026-02-03,2026-02-09,completed
501462,1015,2026,7,2026-01-31,2026-02-09,completed
501463,1016,2026,7,2026-02-01,2026-02-09,completed
501464,1017,2026,7,2026-01-31,2026-02-09,completed
501465,1018,2026,7,2026-02-03,2026-02-09,completed
501466,1019,2026,7,2026-01-31,2026-02-09,completed
501467,1020,2026,7,2026-02-03,2026-02-09,completed
501468,1021,2026,7,2026-01-31,2026-02-09,completed
501469,1022,2026,7,2026-02-01,2026-02-09,completed
501470,1023,2026,7,2026-01-31,2026-02-09,completed
501471,1024,2026,7,2026-02-02,2026-02-09,completed
501472,1025,2026,7,2026-01-31,2026-02-09,completed
501473,1027,2026,7,2026-02-02,2026-02-09,completed
501474,1028,2026,7,2026-02-02,2026-02-09,completed
501475,1029,2026,7,2026-02-01,2026-02-09,completed
501476,1030,2026,7,2026-02-03,2026-02-09,completed
501477,1031,2026,7,2026-02-03,2026-02-09,completed
501478,1032,2026,7,2026-02-03,2026-02-09,completed
501479,1033,2026,7,2026-02-02,2026-02-09,completed
501480,1034,2026,7,2026-02-02,2026-02-09,completed
501481,1035,2026,7,2026-02-03,2026-02-09,completed
501482,1039,2026,7,2026-02-02,2026-02-09,completed
501483,1040,2026,7,2026-02-01,2026-02-09,completed
501484,1041,2026,7,2026-02-03,2026-02-09,completed
501485,1046,2026,7,2026-02-03,2026-02-09,completed
501486,1047,2026,7,2026-02-01,2026-02-09,completed
501487,1048,2026,7,2026-02-02,2026-02-09,completed
501488,1049,2026,7,2026-01-31,2026-02-09,completed
501489,1050,2026,7,2026-01-31,2026-02-09,completed
501490,1052,2026,7,2026-01-31,2026-02-09,completed
501491,1053,2026,7,2026-02-02,2026-02-09,completed
501492,1056,2026,7,2026-02-03,2026-02-09,failed
501493,1057,2026,7,2026-02-01,2026-02-09,completed
501494,1058,2026,7,2026-02-02,2026-02-09,completed
501495,1061,2026,7,2026-01-31,2026-02-09,completed
501496,1062,2026,7,2026-02-03,2026-02-09,completed
501497,1063,2026,7,2026-02-03,2026-02-09,completed
501498,1064,2026,7,2026-02-02,2026-02-09,completed
501499,1065,2026,7,2026-02-01,2026-02-09,completed
501500,1066,2026,7,2026-02-01,2026-02-09,completed
501501,1067,2026,7,2026-02-01,2026-02-09,completed
501502,1069,2026,7,2026-02-03,2026-02-09,cancelled
501503,1070,2026,7,2026-01-31,2026-02-09,completed
501504,1073,2026,7,2026-02-01,2026-02-09,completed
501505,1075,2026,7,2026-01-31,2026-02-09,completed
501506,1077,2026,7,2026-01-31,2026-02-09,completed
501507,1079,2026,7,2026-02-01,2026-02-09,completed
501508,1080,2026,7,2026-02-03,2026-02-09,completed
501509,1081,2026,7,2026-02-02,2026-02-09,completed
501510,1083,2026,7,2026-01-31,2026-02-09,completed
501511,1084,2026,7,2026-02-01,2026-02-09,completed
501512,1085,2026,7,2026-01-31,2026-02-09,completed
501513,1086,2026,7,2026-01-31,2026-02-09,completed
501514,1087,2026,7,2026-01-31,2026-02-09,completed
501515,1091,2026,7,2026-01-31,2026-02-09,completed
501516,1092,2026,7,2026-02-01,2026-02-09,completed
501517,1093,2026,7,2026-02-02,2026-02-09,completed
501518,1094,2026,7,2026-02-02,2026-02-09,completed
501519,1095,2026,7,2026-02-01,2026-02-09,completed
501520,1096,2026,7,2026-02-01,2026-02-09,completed
501521,1097,2026,7,2026-02-02,2026-02-09,completed
501522,1098,2026,7,2026-02-01,2026-02-09,completed
501523,1099,2026,7,2026-02-02,2026-02-09,completed
501524,1101,2026,7,2026-01-31,2026-02-09,completed
501525,1102,2026,7,2026-01-31,2026-02-09,completed
501526,1104,2026,7,2026-02-02,2026-02-09,completed
501527,1106,2026,7,2026-02-03,2026-02-09,completed
501528,1108,2026,7,2026-02-01,2026-02-09,completed
501529,1109,2026,7,2026-02-03,2026-02-09,completed
501530,1110,2026,7,2026-02-03,2026-02-09,completed
501531,1112,2026,7,2026-02-01,2026-02-09,completed
501532,1113,2026,7,2026-02-03,2026-02-09,completed
501533,1114,2026,7,2026-01-31,2026-02-09,completed
501534,1115,2026,7,2026-01-31,2026-02-09,completed
501535,1117,2026,7,2026-02-03,2026-02-09,completed
501536,1118,2026,7,2026-01-31,2026-02-09,completed
501537,1119,2026,7,2026-02-01,2026-02-09,completed
501538,1120,2026,7,2026-02-03,2026-02-09,completed
501539,1121,2026,7,2026-01-31,2026-02-09,completed
501540,1122,2026,7,2026-02-01,2026-02-09,completed
501541,1123,2026,7,2026-02-01,2026-02-09,completed
501542,1125,2026,7,2026-02-01,2026-02-09,cancelled
501543,1127,2026,7,2026-01-31,2026-02-09,completed
501544,1128,2026,7,2026-02-03,2026-02-09,completed
501545,1132,2026,7,2026-02-03,2026-02-09,completed
501546,1133,2026,7,2026-02-03,2026-02-09,completed
501547,1134,2026,7,2026-01-31,2026-02-09,completed
501548,1136,2026,7,2026-02-01,2026-02-09,cancelled
501549,1137,2026,7,2026-02-03,2026-02-09,completed
501550,1138,2026,7,2026-02-01,2026-02-09,completed
501551,1140,2026,7,2026-01-31,2026-02-09,cancelled
501552,1141,2026,7,2026-02-01,2026-02-09,completed
501553,1142,2026,7,2026-02-02,2026-02-09,completed
501554,1143,2026,7,2026-01-31,2026-02-09,cancelled
501555,1144,2026,7,2026-02-01,2026-02-09,completed
501556,1145,2026,7,2026-02-02,2026-02-09,completed
501557,1146,2026,7,2026-02-02,2026-02-09,completed
501558,1147,2026,7,2026-01-31,2026-02-09,completed
501559,1149,2026,7,2026-02-02,2026-02-09,completed
501560,1150,2026,7,2026-02-02,2026-02-09,completed
501561,1151,2026,7,2026-02-02,2026-02-09,completed
501562,1152,2026,7,2026-02-03,2026-02-09,completed
501563,1153,2026,7,2026-01-31,2026-02-09,completed
501564,1154,2026,7,2026-02-03,2026-02-09,completed
501565,1156,2026,7,2026-02-02,2026-02-09,completed
501566,1157,2026,7,2026-02-02,2026-02-09,completed
501567,1161,2026,7,2026-02-02,2026-02-09,completed
501568,1163,2026,7,2026-02-02,2026-02-09,completed
501569,1164,2026,7,2026-01-31,2026-02-09,completed
501570,1165,2026,7,2026-02-02,2026-02-09,completed
501571,1166,2026,7,2026-01-31,2026-02-09,completed
501572,1167,2026,7,2026-01-31,2026-02-09,completed
501573,1169,2026,7,2026-01-31,2026-02-09,completed
501574,1171,2026,7,2026-02-01,2026-02-09,completed
501575,1173,2026,7,2026-02-03,2026-02-09,completed
501576,1175,2026,7,2026-01-31,2026-02-09,completed
501577,1176,2026,7,2026-01-31,2026-02-09,completed
501578,1177,2026,7,2026-01-31,2026-02-09,completed
501579,1179,2026,7,2026-01-31,2026-02-09,completed
501580,1180,2026,7,2026-02-03,2026-02-09,completed
501581,1181,2026,7,2026-01-31,2026-02-09,completed
501582,1184,2026,7,2026-02-02,2026-02-09,completed
501583,1188,2026,7,2026-02-03,2026-02-09,completed
501584,1190,2026,7,2026-01-31,2026-02-09,completed
501585,1191,2026,7,2026-02-03,2026-02-09,completed
501586,1193,2026,7,2026-02-03,2026-02-09,cancelled
501587,1196,2026,7,2026-02-03,2026-02-09,completed
501588,1198,2026,7,2026-02-01,2026-02-09,completed
501589,1200,2026,7,2026-01-31,2026-02-09,completed
501590,1202,2026,7,2026-02-02,2026-02-09,completed
501591,1204,2026,7,2026-02-01,2026-02-09,completed
501592,1205,2026,7,2026-02-03,2026-02-09,completed
501593,1206,2026,7,2026-02-01,2026-02-09,completed
501594,1207,2026,7,2026-02-01,2026-02-09,completed
501595,1208,2026,7,2026-02-03,2026-02-09,completed
501596,1209,2026,7,2026-02-02,2026-02-09,completed
501597,1210,2026,7,2026-02-03,2026-02-09,completed
501598,1213,2026,7,2026-02-01,2026-02-09,completed
501599,1214,2026,7,2026-01-31,2026-02-09,completed
501600,1220,2026,7,2026-01-31,2026-02-09,completed
501601,1003,2026,8,2026-02-07,2026-02-16,completed
501602,1005,2026,8,2026-02-10,2026-02-16,completed
501603,1006,2026,8,2026-02-07,2026-02-16,completed
501604,1007,2026,8,2026-02-09,2026-02-16,completed
501605,1008,2026,8,2026-02-09,2026-02-16,completed
501606,1010,2026,8,2026-02-07,2026-02-16,completed
501607,1011,2026,8,2026-02-10,2026-02-16,completed
501608,1012,2026,8,2026-02-10,2026-02-16,completed
501609,1013,2026,8,2026-02-10,2026-02-16,completed
501610,1014,2026,8,2026-02-07,2026-02-16,completed
501611,1016,2026,8,2026-02-10,2026-02-16,completed
501612,1017,2026,8,2026-02-10,2026-02-16,completed
501613,1018,2026,8,2026-02-08,2026-02-16,completed
501614,1019,2026,8,2026-02-09,2026-02-16,completed
501615,1020,2026,8,2026-02-10,2026-02-16,completed
501616,1021,2026,8,2026-02-09,2026-02-16,completed
501617,1022,2026,8,2026-02-07,2026-02-16,completed
501618,1023,2026,8,2026-02-10,2026-02-16,completed
501619,1024,2026,8,2026-02-10,2026-02-16,completed
501620,1025,2026,8,2026-02-08,2026-02-16,completed
501621,1026,2026,8,2026-02-08,2026-02-16,cancelled
501622,1027,2026,8,2026-02-10,2026-02-16,completed
501623,1030,2026,8,2026-02-08,2026-02-16,completed
501624,1031,2026,8,2026-02-09,2026-02-16,completed
501625,1033,2026,8,2026-02-10,2026-02-16,completed
501626,1034,2026,8,2026-02-10,2026-02-16,completed
501627,1035,2026,8,2026-02-10,2026-02-16,completed
501628,1037,2026,8,2026-02-09,2026-02-16,completed
501629,1038,2026,8,2026-02-10,2026-02-16,completed
501630,1039,2026,8,2026-02-10,2026-02-16,completed
501631,1040,2026,8,2026-02-09,2026-02-16,completed
501632,1041,2026,8,2026-02-08,2026-02-16,completed
501633,1042,2026,8,2026-02-08,2026-02-16,completed
501634,1045,2026,8,2026-02-09,2026-02-16,failed
501635,1048,2026,8,2026-02-08,2026-02-16,completed
501636,1051,2026,8,2026-02-09,2026-02-16,completed
501637,1052,2026,8,2026-02-10,2026-02-16,completed
501638,1053,2026,8,2026-02-07,2026-02-16,completed
501639,1054,2026,8,2026-02-10,2026-02-16,completed
501640,1055,2026,8,2026-02-07,2026-02-16,completed
501641,1057,2026,8,2026-02-07,2026-02-16,completed
501642,1058,2026,8,2026-02-08,2026-02-16,completed
501643,1060,2026,8,2026-02-09,2026-02-16,completed
501644,1061,2026,8,2026-02-08,2026-02-16,completed
501645,1063,2026,8,2026-02-09,2026-02-16,completed
501646,1064,2026,8,2026-02-08,2026-02-16,completed
501647,1066,2026,8,2026-02-10,2026-02-16,cancelled
501648,1067,2026,8,2026-02-10,2026-02-16,completed
501649,1068,2026,8,2026-02-08,2026-02-16,completed
501650,1070,2026,8,2026-02-08,2026-02-16,completed
501651,1071,2026,8,2026-02-10,2026-02-16,completed
501652,1072,2026,8,2026-02-07,2026-02-16,completed
501653,1074,2026,8,2026-02-10,2026-02-16,completed
501654,1077,2026,8,2026-02-08,2026-02-16,completed
501655,1078,2026,8,2026-02-07,2026-02-16,completed
501656,1079,2026,8,2026-02-08,2026-02-16,completed
501657,1080,2026,8,2026-02-10,2026-02-16,completed
501658,1081,2026,8,2026-02-08,2026-02-16,completed
501659,1082,2026,8,2026-02-07,2026-02-16,completed
501660,1084,2026,8,2026-02-09,2026-02-16,completed
501661,1085,2026,8,2026-02-09,2026-02-16,completed
501662,1086,2026,8,2026-02-10,2026-02-16,completed
501663,1087,2026,8,2026-02-07,2026-02-16,completed
501664,1088,2026,8,2026-02-07,2026-02-16,completed
501665,1090,2026,8,2026-02-07,2026-02-16,completed
501666,1091,2026,8,2026-02-09,2026-02-16,completed
501667,1094,2026,8,2026-02-09,2026-02-16,completed
501668,1095,2026,8,2026-02-09,2026-02-16,completed
501669,1096,2026,8,2026-02-07,2026-02-16,completed
501670,1097,2026,8,2026-02-07,2026-02-16,completed
501671,1099,2026,8,2026-02-10,2026-02-16,completed
501672,1100,2026,8,2026-02-10,2026-02-16,completed
501673,1101,2026,8,2026-02-08,2026-02-16,completed
501674,1103,2026,8,2026-02-10,2026-02-16,completed
501675,1104,2026,8,2026-02-08,2026-02-16,completed
501676,1105,2026,8,2026-02-09,2026-02-16,completed
501677,1106,2026,8,2026-02-09,2026-02-16,completed
501678,1108,2026,8,2026-02-07,2026-02-16,completed
501679,1113,2026,8,2026-02-10,2026-02-16,completed
501680,1115,2026,8,2026-02-08,2026-02-16,completed
501681,1117,2026,8,2026-02-10,2026-02-16,completed
501682,1118,2026,8,2026-02-09,2026-02-16,completed
501683,1121,2026,8,2026-02-09,2026-02-16,completed
501684,1122,2026,8,2026-02-09,2026-02-16,completed
501685,1123,2026,8,2026-02-08,2026-02-16,completed
501686,1128,2026,8,2026-02-07,2026-02-16,completed
501687,1129,2026,8,2026-02-10,2026-02-16,completed
501688,1130,2026,8,2026-02-08,2026-02-16,completed
501689,1131,2026,8,2026-02-08,2026-02-16,cancelled
501690,1132,2026,8,2026-02-09,2026-02-16,completed
501691,1133,2026,8,2026-02-07,2026-02-16,completed
501692,1134,2026,8,2026-02-09,2026-02-16,completed
501693,1135,2026,8,2026-02-10,2026-02-16,completed
501694,1136,2026,8,2026-02-10,2026-02-16,completed
501695,1138,2026,8,2026-02-07,2026-02-16,completed
501696,1140,2026,8,2026-02-09,2026-02-16,completed
501697,1142,2026,8,2026-02-08,2026-02-16,cancelled
501698,1143,2026,8,2026-02-08,2026-02-16,completed
501699,1144,2026,8,2026-02-07,2026-02-16,completed
501700,1145,2026,8,2026-02-08,2026-02-16,completed
501701,1146,2026,8,2026-02-09,2026-02-16,completed
501702,1147,2026,8,2026-02-08,2026-02-16,completed
501703,1149,2026,8,2026-02-10,2026-02-16,completed
501704,1152,2026,8,2026-02-09,2026-02-16,completed
501705,1153,2026,8,2026-02-08,2026-02-16,completed
501706,1154,2026,8,2026-02-07,2026-02-16,failed
501707,1155,2026,8,2026-02-10,2026-02-16,completed
501708,1156,2026,8,2026-02-10,2026-02-16,completed
501709,1157,2026,8,2026-02-08,2026-02-16,completed
501710,1159,2026,8,2026-02-10,2026-02-16,completed
501711,1160,2026,8,2026-02-09,2026-02-16,completed
501712,1161,2026,8,2026-02-09,2026-02-16,completed
501713,1165,2026,8,2026-02-09,2026-02-16,completed
501714,1167,2026,8,2026-02-09,2026-02-16,completed
501715,1168,2026,8,2026-02-09,2026-02-16,completed
501716,1169,2026,8,2026-02-10,2026-02-16,completed
501717,1172,2026,8,2026-02-09,2026-02-16,completed
501718,1173,2026,8,2026-02-08,2026-02-16,cancelled
501719,1176,2026,8,2026-02-10,2026-02-16,completed
501720,1177,2026,8,2026-02-09,2026-02-16,completed
501721,1178,2026,8,2026-02-08,2026-02-16,failed
501722,1180,2026,8,2026-02-09,2026-02-16,completed
501723,1181,2026,8,2026-02-10,2026-02-16,completed
501724,1182,2026,8,2026-02-07,2026-02-16,failed
501725,1184,2026,8,2026-02-07,2026-02-16,completed
501726,1185,2026,8,2026-02-08,2026-02-16,completed
501727,1188,2026,8,2026-02-10,2026-02-16,completed
501728,1189,2026,8,2026-02-07,2026-02-16,completed
501729,1190,2026,8,2026-02-07,2026-02-16,completed
501730,1191,2026,8,2026-02-09,2026-02-16,completed
501731,1192,2026,8,2026-02-07,2026-02-16,completed
501732,1194,2026,8,2026-02-10,2026-02-16,completed
501733,1195,2026,8,2026-02-08,2026-02-16,completed
501734,1198,2026,8,2026-02-09,2026-02-16,completed
501735,1199,2026,8,2026-02-09,2026-02-16,completed
501736,1201,2026,8,2026-02-09,2026-02-16,completed
501737,1203,2026,8,2026-02-07,2026-02-16,completed
501738,1205,2026,8,2026-02-09,2026-02-16,completed
501739,1207,2026,8,2026-02-08,2026-02-16,completed
501740,1208,2026,8,2026-02-07,2026-02-16,completed
501741,1209,2026,8,2026-02-08,2026-02-16,completed
501742,1210,2026,8,2026-02-09,2026-02-16,completed
501743,1211,2026,8,2026-02-09,2026-02-16,completed
501744,1212,2026,8,2026-02-10,2026-02-16,completed
501745,1215,2026,8,2026-02-10,2026-02-16,completed
501746,1216,2026,8,2026-02-07,2026-02-16,completed
501747,1217,2026,8,2026-02-10,2026-02-16,completed
501748,1218,2026,8,2026-02-10,2026-02-16,completed
501749,1220,2026,8,2026-02-10,2026-02-16,completed
